gate3_rank,gate2_rank,rank,canonical_smiles,experimental_priority_score,gate3_translational_score,passes_gate3_translational,gate2_target_free_score,tox_safety_score,ddi_safety_score,absorption_score,hERG,DILI,ClinTox,AMES,Carcinogens_Lagunin,max_cyp_inhibition,HIA_Hou,Bioavailability_Ma,PAMPA_NCATS,Caco2_Wang,pred_pIC50,pred_ic50_uM,pred_pIC50_uncertainty,source_family,source_mode
1,5,118,COc1ncc(C(=O)N2CC3(CCN(c4cncc(C(F)(F)F)c4)C3)C2)cn1,0.671672800221198,0.6858940338311083,1,0.6384899217980741,0.6965101,0.5673637,0.9289432999978791,0.36011863,0.9057174,0.17598481,0.028128076,0.047500707,0.43263632,0.99999297,0.96825206,0.96430606,-4.888988,5.333607114102878,4.638663681789573,0.40399572115079585,nitro_bioisostere_campaign,mol2mol_scaffold_generic
2,34,157,CC(C)(C)C(=O)N1CC2(CCN(c3cncc(C#CC4(O)CCOCC4)c3)C2)C1,0.643300328379617,0.6604248841349744,1,0.6033430316171169,0.68845904,0.5922477,0.8531239904231223,0.47566357,0.67507756,0.20905897,0.14771202,0.050192844,0.40775228,0.99889356,0.86225164,0.87047493,-5.0193524,5.394846103109279,4.028597666980578,0.3719437441975322,nitro_bioisostere_campaign,mol2mol_similarity
3,33,161,CCCCOC1CN(c2cncc(N3CCC4(CN(C(C)=O)C4)C3)c2)C1,0.6356653742869064,0.6492174724278437,1,0.604043811958053,0.6266651,0.5557478,0.9157953412883834,0.62327415,0.66251415,0.2498653,0.28703743,0.043983303,0.4442522,0.999938,0.89782846,0.954306,-4.753133,5.394846103109279,4.028597666980577,0.368423722725903,reinvent_pubchem,plain
4,8,198,O=C(C1CC1)N1CC2(CCN(c3cncc(C#CC4CC4)c3)C2)C1,0.635472735469068,0.6355865041216269,1,0.6352072752797643,0.6697777,0.32755,0.8877753837388332,0.5639082,0.51192355,0.23148827,0.3041101,0.039681483,0.67245,0.9998295,0.7404171,0.9368442,-4.4502916,5.127902025062713,7.449000011372779,0.2867622440478963,nitro_bioisostere_campaign,mol2mol_similarity
5,21,165,CC(C)(O)CC(=O)N1CC2(CCN(c3cncc(C#CC4CC4)c3)C2)C1,0.634399374201553,0.6436197198939955,1,0.6128852342525208,0.677154,0.45282865,0.8707237666057529,0.5179923,0.56220263,0.2148172,0.26521048,0.054007284,0.54717135,0.9992817,0.7826793,0.88853455,-4.6213226,5.326324961431687,4.7170995157282825,0.3182350594021073,nitro_bioisostere_campaign,mol2mol_similarity
6,145,126,CC(C)(C)OC(=O)N1CC2(CCN(c3cncc(-c4cnn[nH]4)c3)C2)C1,0.6273277268270329,0.6459902413934661,1,0.5837818595053555,0.6487167,0.63411963,0.8399418908512473,0.45396638,0.8733463,0.27788484,0.045414094,0.10580502,0.36588037,0.99982136,0.897289,0.8700364,-5.2804985,5.452694756135898,3.526186219547159,0.5449873091287063,reinvent_pubchem,plain
7,22,174,O=C(N1CC2(CCN(c3cncc(-c4ccc(F)cc4)c3)C2)C1)C1(O)CC1,0.6246349906776747,0.6298239202722166,1,0.6125274882904104,0.541405,0.558771,0.900130922687132,0.6519095,0.71119225,0.44285545,0.43892998,0.048087824,0.44122896,0.9996384,0.8911128,0.91006804,-4.755754,5.394846103109279,4.028597666980577,0.46536503777943733,reinvent_pubchem,plain
8,14,100,COc1ncc(C(=O)N2CC3(CCN(c4cncc(C#CC(C)(C)O)c4)C3)C2)cc1C,0.6205135330011134,0.6191455648575229,1,0.6237054586694916,0.6383511,0.31784594,0.8747562862801401,0.554536,0.8585952,0.23269215,0.11094304,0.05147819,0.68215406,0.99967736,0.88478774,0.9097363,-4.9966936,5.3554205402388755,4.411430685362968,0.37087739689577653,nitro_bioisostere_campaign,mol2mol_scaffold_generic
9,19,139,CC(O)C(=O)N1CC2(CCN(c3cncc(-c4ccc(F)cc4)c3)C2)C1,0.6168741426359636,0.6176017537878841,1,0.6151763832814829,0.52662456,0.5033618,0.8907464536399232,0.7147354,0.73976105,0.45536488,0.37176222,0.08525351,0.4966382,0.99961054,0.89810383,0.90029114,-4.8471003,5.275193051661053,5.30648509047538,0.45445959176483297,reinvent_pubchem,plain
10,18,152,C[C@@H](O)C(=O)N1CC2(CCN(c3cncc(-c4ccc(F)cc4)c3)C2)C1,0.6167604448402989,0.6171900493456455,1,0.6157580343278237,0.52253973,0.51043,0.8859966796154028,0.70490986,0.7316848,0.4826991,0.38273925,0.08526826,0.48957,0.99935997,0.90250266,0.8841506,-4.8606772,5.2569823795355,5.5337256053428145,0.44715709711915436,reinvent_pubchem,plain
11,26,150,COc1ncc(C(=O)N2CC3(CCN(c4cncc(C#CCCC(C)(C)O)c4)C3)C2)cn1,0.6157109572187898,0.6186142617265938,1,0.6089365800339138,0.636146,0.37126505,0.86577692611177,0.5094191,0.88680106,0.31953683,0.047661763,0.055851173,0.62873495,0.99954844,0.92023593,0.83202755,-4.9732194,5.3554205402388755,4.411430685362968,0.39783421204350167,nitro_bioisostere_campaign,mol2mol_scaffold_generic
12,36,125,COc1ncc(C(=O)N2CC3(CCN(c4cncc(C#CC(C)C)c4)C3)C2)cn1,0.6147052105467202,0.6197923420714914,1,0.6028352369889209,0.6557647,0.32273018,0.9077718776706281,0.4716971,0.9176477,0.22951806,0.045174584,0.057138942,0.6772698,0.9999157,0.9192254,0.9300808,-4.8356256,5.3554205402388755,4.411430685362968,0.4150977074075869,nitro_bioisostere_campaign,mol2mol_scaffold_generic
13,25,153,C[C@H](O)C(=O)N1CC2(CCN(c3cncc(-c4ccc(F)cc4)c3)C2)C1,0.6138774143366876,0.6158249843330796,1,0.6093330843451065,0.53184736,0.51559263,0.8754957349899856,0.7013253,0.73692423,0.4823771,0.33852753,0.08160914,0.48440737,0.99912405,0.8923767,0.8580454,-4.853793,5.2569823795355,5.5337256053428145,0.44715709711915436,reinvent_pubchem,plain
14,16,137,O=C(N1CC2(CCN(c3cncc(C#Cc4ccccc4)c3)C2)C1)C1(O)CC1,0.6110238315289723,0.6069765697526746,1,0.6204674423403339,0.58172506,0.3454007,0.8701656737643837,0.60715926,0.7523899,0.31770092,0.35884362,0.055280887,0.6545993,0.99824333,0.80947447,0.8617123,-4.6308513,5.394846103109279,4.028597666980577,0.4072133856298357,reinvent_pubchem,plain
15,110,101,O=C(c1cc([N+](=O)[O-])cc([N+](=O)[O-])c1)N1CC2(C1)CN(c1cc(C#Cc3ccccc3)cnn1)C2,0.609414623911142,0.6119776029842654,1,0.6034343394071873,0.5234302,0.5364973,0.8606666199787468,0.36746258,0.99603045,0.023689713,0.7817374,0.2139287,0.4635027,0.9987906,0.8349408,0.8152053,-4.6779127,5.711729319827889,1.9420959391941166,0.22714113441782838,reinvent_pubchem,plain
16,10,173,C#Cc1cncc(N2CCC3(CN(C(=O)c4ccc5c(c4)CCO5)C3)C2)c1,0.6046932834869397,0.5922560875015422,1,0.6337134074528674,0.5851716,0.17394447,0.8980032439265764,0.7002239,0.7871777,0.3229544,0.21390028,0.04988602,0.8260555,0.9998577,0.8474439,0.92969215,-4.689387,5.394846103109279,4.028597666980577,0.3105974960600176,nitro_bioisostere_campaign,mol2mol_scaffold_generic
17,120,85,O=C(c1cc([N+](=O)[O-])cc([N+](=O)[O-])c1)N1CC2(C1)CN(c1cc(C#Cc3ccccc3)ncn1)C2,0.6014611503585297,0.6025859267385554,1,0.5988366721384697,0.5098384,0.49187195,0.8791268419099605,0.39397958,0.99688053,0.03158494,0.77989024,0.24847278,0.50812805,0.9987217,0.86402977,0.8120125,-4.575851,5.711729319827889,1.9420959391941166,0.21921289630925264,reinvent_pubchem,plain
18,4,180,COCC(=O)N1CC2(CCN(c3cncc(N4CC(OCCc5ccccc5)C4)c3)C2)C1,0.6007962793013938,0.5844111323964551,1,0.6390282887462506,0.52949107,0.2172941,0.8792101412364355,0.846207,0.7644836,0.31013507,0.3832635,0.04845517,0.7827059,0.9999468,0.8601936,0.950364,-4.991885,5.394846103109279,4.028597666980577,0.3705450909263357,reinvent_pubchem,plain
19,186,182,CC(O)C#Cc1cncc(N2CCC3(CN(C(=O)OC(C)(C)C)C3)C2)c1,0.5973571855331177,0.6198525767130701,1,0.5448679394465621,0.65233606,0.52836853,0.8821513722202367,0.51425445,0.73972416,0.24761847,0.12012534,0.11659725,0.47163147,0.99894255,0.8444499,0.91999644,-4.8086076,5.20667190998346,6.213382501723385,0.5838720619930635,reinvent_pubchem,plain
20,17,121,COc1cc2cc(C(=O)N3CC4(CCN(c5cncc(C#CCO)c5)C4)C3)[nH]c2cc1OC,0.5962111262710871,0.5865147211348751,1,0.618836071588915,0.5578418,0.27379984,0.8500537832268695,0.66568005,0.9231349,0.34140986,0.22857383,0.051992513,0.72620016,0.9991894,0.9086768,0.84662944,-5.139291,5.327378359326052,4.705671874934722,0.35134291161095105,nitro_bioisostere_campaign,mol2mol_similarity
21,20,136,COc1cncc(C(=O)N2CC3(CCN(c4cncc(C#CC(C)(C)CO)c4)C3)C2)c1,0.5950927414948226,0.5870761992870097,1,0.613798006646386,0.6311595,0.18034935,0.8401654722702795,0.64156216,0.80241984,0.30207583,0.06134234,0.036802445,0.81965065,0.99978274,0.8570401,0.83001745,-5.017661,5.3554205402388755,4.411430685362968,0.3571727020442448,nitro_bioisostere_campaign,mol2mol_scaffold_generic
22,85,32,O=C(c1cc([N+](=O)[O-])cc([N+](=O)[O-])c1)N1CC2(C1)CN(c1cncc(C#Cc3ccccn3)c1)C2,0.5924204887948097,0.5806620014428829,1,0.6198569592826386,0.5395726,0.27939516,0.832826287927208,0.5069132,0.9950711,0.047981948,0.5502917,0.201879,0.72060484,0.9989686,0.79414976,0.7711278,-4.693427,6.071809280192623,0.8475995545675238,0.25654772436194795,reinvent_pubchem,plain
23,146,79,O=C(c1cc([N+](=O)[O-])cc([N+](=O)[O-])c1)N1CC2(CCN(c3noc(C#Cc4ccccc4)n3)C2)C1,0.590867247355181,0.593992254798051,1,0.5835755633218178,0.48965937,0.49874055,0.8943821533110219,0.41433358,0.99573594,0.016299527,0.9146476,0.21068664,0.50125945,0.9995243,0.74855477,0.9426263,-4.4254637,5.711729319827889,1.9420959391941166,0.3154913608858684,reinvent_pubchem,plain
24,155,119,O=C(C#Cc1ccccc1)N1CCC2(C1)CN(C(=O)c1cc([N+](=O)[O-])cc([N+](=O)[O-])c1)C2,0.5896445721429568,0.5945107184195911,1,0.5782902308308101,0.5222417,0.48139238,0.8767388507677705,0.37273178,0.9685284,0.031120654,0.88741887,0.12899171,0.5186076,0.9991166,0.72840565,0.9132999,-4.4474926,5.341677187713488,4.5532637975173,0.326310554407052,reinvent_pubchem,plain
25,151,127,O=C(c1cc([N+](=O)[O-])cc([N+](=O)[O-])c1)N1CC2(CCN(c3nnc(C#Cc4ccccc4)o3)C2)C1,0.5888581054493349,0.5923243295047261,1,0.5807702493200889,0.50083673,0.49351895,0.8782712735765456,0.38682657,0.993834,0.014067637,0.9252857,0.17580232,0.50648105,0.9997678,0.7270001,0.92865145,-4.4775476,5.585229177065605,2.598787821722653,0.29873727871059536,reinvent_pubchem,plain
26,99,98,CCC#Cc1cncc(N2CC3(CN(C(=O)c4cc([N+](=O)[O-])cc([N+](=O)[O-])c4)C3)C2)c1,0.5878131111091924,0.5777632194555914,1,0.6112628583009284,0.5357225,0.27713978,0.847955605085861,0.5100105,0.98536456,0.040386237,0.6159356,0.16969052,0.7228602,0.99915665,0.773522,0.84640694,-4.696801,5.711729319827889,1.9420959391941166,0.20947188683004425,reinvent_pubchem,plain
27,113,93,O=C(c1cc([N+](=O)[O-])cc([N+](=O)[O-])c1)N1CC2(C1)CN(c1cncc(C#Cc3ccccc3)n1)C2,0.579621494739429,0.569880631184946,1,0.6023501763665561,0.51819503,0.25464457,0.8738507126423767,0.48713827,0.9977002,0.029104585,0.6456845,0.2493976,0.7453554,0.9994582,0.83589333,0.8416988,-4.6292443,5.711729319827889,1.9420959391941166,0.2407960473122024,reinvent_pubchem,plain
28,23,154,COC(=O)c1cc(CN2CC3(CCN(c4cncc(C#CC5CC5)c4)C3)C2)no1,0.575812030807501,0.5602672513116776,1,0.6120831829644222,0.5024897,0.20218527,0.8591973741768061,0.8227232,0.67649186,0.5066499,0.30954343,0.17214295,0.7978147,0.9996003,0.78035724,0.91133976,-4.804595,5.394846103109279,4.028597666980577,0.3703545097114773,nitro_bioisostere_campaign,mol2mol_similarity
29,44,143,CN1C[C@]2(CCN(c3cncc(C#Cc4ccccc4)c3)C2)CNC1=O,0.5742487656378842,0.5696825807839839,1,0.5849031969636515,0.4981653,0.3508073,0.8620914313010262,0.7362603,0.7300572,0.5011607,0.4676954,0.074,0.6491927,0.99556553,0.85595053,0.8143045,-4.713231,5.2569823795355,5.533725605342816,0.4776218873969106,reinvent_pubchem,plain
30,45,158,COc1cncc(C#Cc2ccccc2)c1N1CCC2(CNC2)C1,0.5717927452951828,0.5706301100744128,1,0.5745055608103128,0.6497326,0.1629206,0.8348757977128467,0.7789482,0.53910244,0.22271113,0.15008943,0.06048583,0.8370794,0.99776745,0.7845782,0.7390106,-4.534051,5.196914598910254,6.354558776921147,0.4309132174658492,reinvent_pubchem,plain
31,138,194,CCCCCCC#CC(=O)N1CCC2(C1)CN(C(=O)c1cc([N+](=O)[O-])cc([N+](=O)[O-])c1)C2,0.5702516898834954,0.5621326577539185,1,0.5891960981858415,0.5201472,0.26295054,0.8501001903462744,0.48991266,0.90689135,0.03298862,0.86347973,0.10599148,0.73704946,0.9994693,0.6169654,0.9558538,-4.474066,6.071809280192623,0.8475995545675238,0.24032942302305033,reinvent_pubchem,plain
32,154,103,CCCC#Cc1cncc(N2CC3(CN(C(=O)c4cc([N+](=O)[O-])cc([N+](=O)[O-])c4)C3)C2)c1,0.5606569094170364,0.552611901907865,1,0.5794285936051032,0.52392733,0.22399437,0.8485869677102557,0.5694063,0.98325574,0.045300905,0.61015415,0.17224625,0.7760056,0.9993473,0.7508017,0.8636629,-4.666211,6.071809280192623,0.8475995545675238,0.35298669573168734,reinvent_pubchem,plain
33,175,80,Cn1cc(C(=O)N2CC3(CCN(c4cncc(C#Cc5ccccc5)c4)C3)C2)cc([N+](=O)[O-])c1=O,0.5554958466704245,0.5533764114568656,1,0.5604411955020621,0.5551437,0.21620804,0.866404915972695,0.5589637,0.98124397,0.121793285,0.41359267,0.14868791,0.78379196,0.998696,0.84099877,0.8148378,-4.63743,5.5412607797544045,2.8756711489225864,0.4708709952810216,reinvent_pubchem,plain
34,180,108,CCC1CC2(CN(C(=O)c3ccc4c(c3)OCO4)C2)CN1c1ccc(C#CCO)cn1,0.5383329106072667,0.5325578225530746,1,0.5518081160670486,0.5465673,0.14004648,0.8439691234620923,0.81856936,0.84140646,0.39259988,0.11090608,0.103681624,0.8599535,0.99895936,0.8210745,0.848694,-4.9070396,5.442375258869468,3.6109771573069502,0.5709003342637832,nitro_bioisostere_campaign,mol2mol_scaffold_generic
35,2,186,CCCC[n+]1ccc(N2CCC3(CN(C(=O)c4ccc5c(c4)OCO5)C3)C2)cn1,0.6391319103592767,0.632640763704611,0,0.6542779192201635,0.72226906,0.7685349,0.28245463149665256,0.6505827,0.28214827,0.14846893,0.18164746,0.12580757,0.23146507,0.59985405,0.52407134,0.16653034,-5.26048,5.215423339938084,6.089430246544679,0.24611986750624143,nitro_bioisostere_campaign,mol2mol_scaffold_generic
36,28,148,CCCCOC1CN(c2cncc(N3CCC4(CN(C(=O)O)C4)C3)c2)C1,0.6357746087364344,0.6484500564834346,0,0.6061985639934344,0.6261821,0.7132457,0.7475221660460353,0.48107368,0.76117826,0.3423461,0.17278863,0.11170292,0.2867543,0.9857789,0.86665666,0.65406865,-5.3914313,5.288991034571329,5.140542634355664,0.3777711849398827,reinvent_pubchem,plain
37,184,90,CC(C)(C)COC(=O)N1CC2(CCN(c3cncc(C#CC4(O)CCNCC4)c3)C2)C1,0.6192319574922538,0.6509604113120326,0,0.5451988985794368,0.73524153,0.6892085,0.78952826859062,0.5913564,0.3333938,0.26270184,0.09244557,0.04389459,0.31079146,0.9948767,0.8356865,0.80371255,-5.3605523,5.373630949798338,4.230279378090881,0.5987958005841059,nitro_bioisostere_campaign,mol2mol_similarity
38,159,141,COC(=O)c1cc(CN2CC3(CCN(c4cncc(C#CCCCC(=O)O)c4)C3)C2)no1,0.60816565267602,0.6216993211666779,0,0.5765870928644851,0.62284356,0.8591628,0.5176654491253458,0.37054303,0.648241,0.45107022,0.1992878,0.21664019,0.1408372,0.8563091,0.78908956,0.20700327,-5.375753,5.3554205402388755,4.411430685362968,0.3850816878126548,nitro_bioisostere_campaign,mol2mol_similarity
39,15,149,COc1ccc(NC(=O)N2CC3(CCN(c4cncc(C#CCO)c4)C3)C2)cc1,0.6065652592824737,0.5996488925833109,0,0.622703448247187,0.5772452,0.3352809,0.8321927260146376,0.6080609,0.8954091,0.32919475,0.21843591,0.062673226,0.6647191,0.99747515,0.8892149,0.79629725,-5.0939803,5.286077958342689,5.17513926903429,0.32915245889475064,nitro_bioisostere_campaign,mol2mol_similarity
40,1,87,CCCC[n+]1cncc(N2CCC3(CN(C(=O)c4ccc5c(c4)OCO5)C3)C2)c1,0.6009713541470528,0.5765204941312939,0,0.6580233608504904,0.6691727,0.5702511,0.18386089100514716,0.7911454,0.33724278,0.16971834,0.17809665,0.1779332,0.42974892,0.563458,0.3530934,0.11502774,-5.323985,5.442375258869468,3.6109771573069493,0.26650110745132216,nitro_bioisostere_campaign,mol2mol_scaffold
41,189,151,CC(C)(C)CC(=O)N1CC2(CCN(c3cncc(C#CC4(O)CCNCC4)c3)C2)C1,0.6009624953544571,0.6261017809374788,0,0.5423041623274067,0.73847556,0.5458025,0.7705042702726843,0.6342574,0.31583056,0.23478875,0.09129472,0.03145092,0.4541975,0.9979808,0.785803,0.8176855,-5.4481554,5.373630949798338,4.230279378090881,0.5963026751933823,nitro_bioisostere_campaign,mol2mol_similarity
42,7,191,OCC1CNCC2(CCN(c3cncc(C#Cc4ccccc4)c3)C2)C1,0.5997569017011805,0.5840846630768632,0,0.636325458491254,0.61898077,0.18755054,0.765736222245176,0.83970964,0.46117073,0.31855717,0.20546763,0.08019088,0.81244946,0.9958688,0.7412504,0.7300611,-5.0645823,5.0270259794187275,9.39667098164525,0.2309408548516657,reinvent_pubchem,plain
43,48,1,C#CC#Cc1cncc(N2CCC3(CN(C(=O)c4cc([N+](=O)[O-])cc([N+](=O)[O-])c4)C3)C2)c1,0.5995874914315564,0.5732923966823644,0,0.6609427125130043,0.4886607,0.21385252,0.810834160304964,0.51323587,0.9801,0.057109106,0.8709537,0.13529785,0.7861475,0.9979723,0.6343077,0.813357,-4.496802,6.071809280192623,0.8475995545675238,0.21000977351624178,reinvent_pubchem,plain
44,88,46,O=C(c1cc([N+](=O)[O-])cc([N+](=O)[O-])c1)N1CC2(CCN(c3nncc(C#Cc4ccccc4)n3)C2)C1,0.596502710027631,0.5876794741642243,0,0.61709026037558,0.48347294,0.37569112,0.8851130103674747,0.47764367,0.9961713,0.027887642,0.86972237,0.21121053,0.6243089,0.99956256,0.7984772,0.9284418,-4.649733,5.711729319827889,1.9420959391941166,0.23655595822733455,reinvent_pubchem,plain
45,59,40,CC(=O)N1CC2(CCN(c3cncc(C#Cc4cc([N+](=O)[O-])cc([N+](=O)[O-])c4)c3)C2)C1,0.595814608960825,0.5744604229260473,0,0.6456410430419733,0.44916832,0.2644555,0.8797436473649456,0.6167318,0.975568,0.10021521,0.91691303,0.1447305,0.7355445,0.9987553,0.7894669,0.8724338,-4.498632,5.711729319827889,1.9420959391941166,0.14715462082143366,reinvent_pubchem,plain
46,12,178,NC(=O)N1CC2(CCN(c3cncc(N4CC(OCCc5ccccc5)C4)c3)C2)C1,0.5943578614378207,0.5782628200070372,0,0.6319129581096486,0.4940521,0.31398118,0.821945205289184,0.8833545,0.694222,0.4668619,0.41241843,0.07288266,0.6860188,0.99899256,0.84376687,0.8972554,-5.3620577,5.394846103109279,4.028597666980577,0.38909203570177553,reinvent_pubchem,plain
47,75,47,O=C(c1cc([N+](=O)[O-])cc([N+](=O)[O-])c1)N1CC2(CCN(c3ncnc(C#Cc4ccccc4)n3)C2)C1,0.5942734052842444,0.5807064827993818,0,0.6259295577489241,0.44678563,0.34174842,0.9071967426988817,0.6094093,0.99610645,0.059884507,0.8798475,0.22082396,0.6582516,0.9994343,0.840158,0.9278143,-4.560715,5.711729319827889,1.9420959391941166,0.19135989568283646,reinvent_pubchem,plain
48,42,192,O=C(Nc1cncc(C#Cc2ccccc2)c1)N1CCC2(CNC2)C1,0.593691859327801,0.592909789385415,0,0.5955166891933682,0.6027223,0.43323994,0.7284047795306496,0.6268271,0.6225647,0.28247756,0.3929612,0.06155781,0.56676006,0.9915374,0.7749918,0.520583,-4.901933,5.087879113630735,8.16809699639289,0.4200833194683814,reinvent_pubchem,plain
49,86,39,O=C(c1cc([N+](=O)[O-])cc([N+](=O)[O-])c1)N1CC2(CCN(c3n[nH]c(C#Cc4ccccc4)n3)C2)C1,0.5924055364616946,0.5806759925405899,0,0.6197744722776057,0.47594297,0.38254952,0.8360620453590291,0.539976,0.99221575,0.048959028,0.80651075,0.23262365,0.6174505,0.9980445,0.77094996,0.84136695,-4.789434,5.711729319827889,1.9420959391941166,0.2280294066581477,reinvent_pubchem,plain
50,79,45,O=C(c1cc([N+](=O)[O-])cc([N+](=O)[O-])c1)N1CC2(CCN(c3cnnc(C#Cc4ccccc4)n3)C2)C1,0.5911476239387209,0.578089032466079,0,0.6216176707082186,0.47809428,0.30893224,0.883317806726505,0.5323211,0.9954319,0.031835325,0.8487031,0.20123732,0.69106776,0.9996926,0.7955047,0.9316422,-4.66873,5.711729319827889,1.9420959391941166,0.21330509036969253,reinvent_pubchem,plain
51,46,131,COc1c(N2CCC(C(C)(C)O)C2)c(N)cc2c(=O)c(C(=O)O)cn(C3CC3)c12,0.5897212898618454,0.6057335196127757,0,0.552359420443008,0.5681409,0.80287457,0.631369047999601,0.3153544,0.93885946,0.26137215,0.4125433,0.23116608,0.19712543,0.91672295,0.88121873,0.27450654,-5.0767317,5.255598155123872,5.5513913565251904,0.4684929403257518,reinvent,plain
52,153,55,O=C(O)c1cc(C#Cc2cncc(N3CCC4(CN(C(=O)c5cc([N+](=O)[O-])cc([N+](=O)[O-])c5)C4)C3)c2)ccn1,0.5888791809381969,0.5927843378188798,0,0.5797671482166036,0.5332728,0.82241774,0.5013883503691468,0.21726009,0.99711114,0.12222512,0.6812785,0.3157611,0.1775823,0.8048786,0.85654414,0.14489882,-5.28047,5.872803956598658,1.3402815628547171,0.3835075974749797,reinvent_pubchem,plain
53,190,170,CC(C)(C)OC(=O)N1CC2(CCN(c3cncc(C#CC4(O)CCNCC4)c3)C2)C1,0.5887624410204626,0.6121064696143408,0,0.5342930409680803,0.6944001,0.53444254,0.7860546571767264,0.6394037,0.4441824,0.29553452,0.095584266,0.05329491,0.4655575,0.9978579,0.8095728,0.8280389,-5.3991356,5.373630949798338,4.230279378090881,0.6242296175330524,nitro_bioisostere_campaign,mol2mol_similarity
54,6,163,O=C(c1cc2c(cc1F)OCO2)N1CC2(CCN(c3ccncc3)C2)C1,0.5883148822630575,0.5672708217487661,0,0.6374176901297374,0.55737996,0.050371468,0.8902143369373061,0.86471784,0.70913047,0.43067294,0.16880894,0.039770175,0.94962853,0.9999943,0.8266571,0.9193228,-4.668097,5.373032676973282,4.236110917115642,0.3981088568000689,nitro_bioisostere_campaign,mol2mol_scaffold
55,103,185,CCCCC#Cc1cnc(N2CCC3(CN(C(=O)c4cc([N+](=O)[O-])cc([N+](=O)[O-])c4)C3)C2)nc1,0.5879941934854975,0.5788896883769352,0,0.6092380387388098,0.47136915,0.34734184,0.8985933820290214,0.569399,0.98099154,0.07018186,0.8203329,0.20224933,0.65265816,0.99937093,0.82878256,0.9431013,-4.657359,6.107762555795457,0.7802565878921076,0.21459911413813496,reinvent_pubchem,plain
56,47,17,O=C(c1cc([N+](=O)[O-])cc([N+](=O)[O-])c1)N1CC2(CCN(c3cncc(C#Cc4cncnc4)c3)C2)C1,0.5833302920051007,0.5474896601661581,0,0.6669584329626332,0.5031646,0.0053769946,0.8050711251130015,0.82430047,0.99067336,0.12613693,0.48300734,0.06005916,0.994623,0.99999046,0.7677351,0.8765117,-5.2190833,6.107762555795457,0.7802565878921076,0.1725823786415765,reinvent_pubchem,plain
57,32,144,O=C1COCCN1c1ccc(CN2CC3(CCN(c4cncc(C#CC5CC5)c4)C3)C2)cn1,0.5827746087083823,0.5736581082370554,0,0.6040464431414782,0.5359218,0.3251589,0.7938861297635731,0.8115619,0.7361261,0.54150695,0.08978136,0.14141466,0.6748411,0.9978712,0.8074608,0.74534976,-5.0579987,5.288991034571329,5.140542634355664,0.34097856939345966,nitro_bioisostere_campaign,mol2mol_similarity
58,11,197,COc1cncc(CN2CC3(CCN(c4cncc(C#CC(C)(C)O)c4)C3)C2)c1,0.5825750232636246,0.5612160088180952,0,0.6324127236365269,0.57331836,0.07438815,0.8142831352670371,0.9162134,0.6239352,0.48444232,0.040260613,0.06855662,0.92561185,0.99989665,0.80609494,0.8852375,-5.2810836,5.177869989958468,6.639417977295063,0.2735176649898033,nitro_bioisostere_campaign,mol2mol_scaffold_generic
59,50,16,Cn1cc(C#Cc2cncc(N3CCC4(CN(C(=O)c5cc([N+](=O)[O-])cc([N+](=O)[O-])c5)C4)C3)c2)cn1,0.5805708562540092,0.5484900835722875,0,0.6554259925113599,0.4640401,0.07844925,0.8384731565139517,0.650696,0.9880083,0.07695467,0.8537504,0.11039022,0.92155075,0.9995697,0.79864234,0.8846432,-5.000661,6.071809280192623,0.8475995545675238,0.17577527498173628,reinvent_pubchem,plain
60,70,38,C#Cc1cncc(N2CC3(CCN(C(=O)c4cc([N+](=O)[O-])cc([N+](=O)[O-])c4)C3)C2)c1,0.5802859176436985,0.5596230487701884,0,0.6284992783485557,0.47570366,0.19228303,0.8602000180411166,0.61392456,0.9722106,0.09693921,0.8110112,0.12739605,0.80771697,0.99946994,0.7936859,0.8737682,-4.7243013,5.711729319827889,1.9420959391941166,0.21363288835758762,reinvent_pubchem,plain
61,49,20,O=C(c1cc([N+](=O)[O-])cc([N+](=O)[O-])c1)N1CC2(CCN(c3cncc(C#Cc4cnccn4)c3)C2)C1,0.5802372596006675,0.5468828687577308,0,0.65806417156752,0.49523032,0.023100734,0.8232086804676644,0.72365165,0.99226844,0.107320346,0.59376925,0.10683863,0.97689927,0.9999407,0.7716182,0.8440552,-4.94464,6.071809280192623,0.8475995545675238,0.16364622074794066,reinvent_pubchem,plain
62,56,22,O=C(c1cc([N+](=O)[O-])cc([N+](=O)[O-])c1)N1CC2(CCN(c3cncc(C#Cc4ncccn4)c3)C2)C1,0.580210379282442,0.5508512377829806,0,0.6487150427811852,0.48095858,0.09671128,0.8278875414797842,0.6687435,0.9930226,0.12123237,0.6511366,0.16107215,0.9032887,0.9992291,0.80043095,0.78385377,-4.806667,6.071809280192623,0.8475995545675238,0.21553313854658923,reinvent_pubchem,plain
63,27,167,C(#Cc1cncc(N2CCC3(CNC3)C2)c1)Oc1ccccc1,0.5801689547028984,0.5688143436685646,0,0.6066630471163441,0.58768076,0.19307435,0.7995641966921703,0.8167041,0.5834777,0.28658324,0.28289002,0.09194106,0.80692565,0.99618226,0.74353695,0.7334187,-4.7333856,5.118417651452089,7.613464876831492,0.35846759167473013,reinvent_pubchem,plain
64,9,179,CNC(=O)N1CC2(CCN(c3cncc(N4CC(OCCc5ccccc5)C4)c3)C2)C1,0.5800821682071409,0.5570396864681848,0,0.6338479589313717,0.5012056,0.14690447,0.8298068517570395,0.92304754,0.74479544,0.4499359,0.2921189,0.084073976,0.85309553,0.9995886,0.8353527,0.93294704,-5.3642073,5.394846103109279,4.028597666980578,0.39103805700172006,reinvent_pubchem,plain
65,3,104,Cn1cc(C#Cc2cncc(N3CCC4(CN(C(=O)c5ccc6c(c5)OCO6)C4)C3)c2)cn1,0.579651542329177,0.5520224699531461,0,0.6441193778732495,0.5205912,0.019848049,0.860291616831972,0.8633606,0.8904592,0.3789743,0.21767417,0.04657574,0.98015195,0.999952,0.8381321,0.9287567,-5.0466375,5.420196615226186,3.800173146822864,0.34192573469726323,reinvent_pubchem,plain
66,67,34,CC#Cc1cncc(N2CC3(CCN(C(=O)c4cc([N+](=O)[O-])cc([N+](=O)[O-])c4)C3)C2)c1,0.5792219256534394,0.5574365217970553,0,0.6300545346516693,0.47931558,0.13755834,0.8896622329529766,0.6384541,0.9732218,0.087740704,0.78282654,0.121179,0.86244166,0.9997732,0.8168136,0.91901,-4.6378083,6.071809280192623,0.8475995545675238,0.2449795682202824,reinvent_pubchem,plain
67,178,156,CCCCCCOC1CN(c2cncc(N3CCC4(CN(C(=N)N)C4)C3)c2)C1,0.5789915766175752,0.5904260883362463,0,0.5523110492740092,0.65913564,0.5877105,0.5929708354738442,0.8977049,0.18231083,0.2806571,0.2810573,0.06259151,0.41228947,0.95964754,0.62973213,0.7493597,-6.319301,5.302380392493043,4.9844771279029025,0.32841072027851104,reinvent_pubchem,plain
68,171,132,O=C(c1cnc([N+](=O)[O-])nc1)N1CC2(CCN(c3cncc(C#Cc4ccccc4)c3)C2)C1,0.5785075011551972,0.5839760531466704,0,0.5657475465084264,0.45158803,0.5670703,0.8762139786522818,0.5068182,0.9878863,0.18083513,0.81017673,0.2563434,0.4329297,0.99571055,0.9060127,0.84662306,-4.837893,5.5412607797544045,2.8756711489225864,0.39554193505280555,reinvent_pubchem,plain
69,119,74,O=C(c1cc([N+](=O)[O-])cc([N+](=O)[O-])c1)N1CC2(CCN(c3ccc(C#Cc4ccccn4)cn3)C2)C1,0.5783769906097949,0.5691095799155337,0,0.6000009488964042,0.4520074,0.35802305,0.8826922589477693,0.6048854,0.9881164,0.0903907,0.8702091,0.18636118,0.64197695,0.9990512,0.816106,0.87268627,-4.5618896,6.107762555795457,0.7802565878921075,0.24121394525694267,reinvent_pubchem,plain
70,30,107,COc1cc2[nH]ccc2cc1C(=O)N1CC2(CCN(c3cncc(C#CCO)c3)C2)C1,0.5783001331312436,0.5669536647124889,0,0.6047752261083382,0.5616613,0.21213055,0.8171327014494776,0.6751343,0.8929876,0.3618968,0.20082414,0.060850848,0.78786945,0.99904954,0.85796964,0.79314303,-5.1429076,5.327722050811909,4.701949378687338,0.39659727132758155,nitro_bioisostere_campaign,mol2mol_similarity
71,141,70,O=C(c1cc([N+](=O)[O-])cc([N+](=O)[O-])c1)N1CC2(CCN(c3nc(C#Cc4ccccc4)no3)C2)C1,0.5778383631353743,0.5746776802528644,0,0.5852132898612311,0.48215443,0.3818453,0.890108640173523,0.4677733,0.9949333,0.019601136,0.92744195,0.1794784,0.6181547,0.99980944,0.73559415,0.9454036,-4.4355707,5.711729319827889,1.9420959391941166,0.3114424933718172,reinvent_pubchem,plain
72,93,43,CC#Cc1cncc(N2CC3(CN(Cc4cc([N+](=O)[O-])cc([N+](=O)[O-])c4)C3)C2)c1,0.5768540502405108,0.5607715546247583,0,0.6143798733439334,0.41724163,0.36282408,0.8371105869931591,0.7995369,0.9128043,0.25582144,0.6751733,0.27045614,0.6371759,0.9987093,0.8219408,0.78788763,-4.7939105,5.905477380258664,1.243147382096575,0.22461170100550681,reinvent_pubchem,plain
73,40,116,COc1cncc(C(=O)N2CC3(CCN(c4cncc(C#CCNC(C)C)c4)C3)C2)c1,0.5767549264912338,0.5680868925959732,0,0.5969803389135088,0.5585806,0.23273253,0.8326047606007771,0.80915165,0.77563775,0.52462757,0.051556576,0.046123564,0.76726747,0.99956286,0.89683974,0.7861749,-5.097326,5.3554205402388755,4.411430685362968,0.42522643662601484,nitro_bioisostere_campaign,mol2mol_scaffold_generic
74,41,169,C(#Cc1ccccc1)Oc1cncc(N2CCC3(CNC3)C2)c1,0.576492736800424,0.5677142113397482,0,0.596975962875334,0.5900297,0.2145716,0.795879054360091,0.79117453,0.580252,0.2789743,0.30354664,0.09590392,0.7854284,0.99450433,0.7387408,0.71411353,-4.6862288,5.118417651452089,7.613464876831492,0.3887318088421774,reinvent_pubchem,plain
75,62,52,Cc1ncc(C#Cc2cncc(N3CCC4(CN(C(=O)c5cc([N+](=O)[O-])cc([N+](=O)[O-])c5)C4)C3)c2)cn1,0.5761010681270162,0.5477290733990396,0,0.6423023891589615,0.47457004,0.10957587,0.8240940535224921,0.62436676,0.9908764,0.11177273,0.79775524,0.10237871,0.89042413,0.9996597,0.86665183,0.8244346,-5.1996584,5.9306816277319285,1.173054992682967,0.15406966236166916,reinvent_pubchem,plain
76,64,19,O=C(c1cc([N+](=O)[O-])cc([N+](=O)[O-])c1)N1CC2(CCN(c3cncc(C#Cc4cccnn4)c3)C2)C1,0.5753502968515769,0.5499116771394896,0,0.6347070761797807,0.4882301,0.13179076,0.8164490082196363,0.57562923,0.9906988,0.06299165,0.7960263,0.13350335,0.86820924,0.9994686,0.75485134,0.83615255,-4.9303684,6.071809280192623,0.8475995545675238,0.24908747585247137,reinvent_pubchem,plain
77,94,81,O=C(c1cc([N+](=O)[O-])c[n+]([O-])c1)N1CC2(CCN(c3cncc(C#Cc4ccccc4)c3)C2)C1,0.5751795602741692,0.5586471376157185,0,0.6137552131438874,0.43169987,0.59333,0.5702187592356072,0.598752,0.93816984,0.2860916,0.75858563,0.25990146,0.40667,0.83853036,0.7164149,0.27068526,-4.669938,5.5412607797544045,2.8756711489225864,0.2549427486930133,reinvent_pubchem,plain
78,24,196,COc1cc2c(cc1OC)C(=O)N(CC1CCN(c3cncc(C#CCCO)c3)C1)C2,0.5737998630418077,0.5582585649329955,0,0.6100628919623698,0.6040231,0.031138062,0.8536918629463861,0.7666029,0.8551113,0.19672117,0.115054294,0.046394933,0.96886194,0.9999647,0.77447814,0.9411454,-4.9348345,5.321404276240169,4.770849578299166,0.30558629215065103,nitro_bioisostere_campaign,mol2mol_similarity
79,31,193,C(#Cc1cncc(N2CCNCC3(CCNCC3)C2)c1)c1ccccc1,0.5735432894630597,0.5602032774815721,0,0.6046699840865307,0.63227737,0.10788041,0.759002527469373,0.88502216,0.44582948,0.2938326,0.15405862,0.059870303,0.8921196,0.99683315,0.7173359,0.76052856,-5.1513233,4.98487073835453,10.354503080437357,0.3687477027632177,reinvent_pubchem,plain
80,55,13,Cn1ccc(C#Cc2cncc(N3CCC4(CN(C(=O)c5cc([N+](=O)[O-])cc([N+](=O)[O-])c5)C4)C3)c2)n1,0.5732138069283678,0.5406719357311839,0,0.649144839721797,0.4508139,0.06489432,0.8407942488058819,0.6914051,0.9870297,0.08033992,0.8733322,0.11382371,0.9351057,0.9997576,0.7649201,0.88945436,-4.876764,6.071809280192623,0.8475995545675238,0.2150603288104657,reinvent_pubchem,plain
81,53,15,O=C(c1cc([N+](=O)[O-])cc([N+](=O)[O-])c1)N1CC2(CCN(c3cncc(C#Cc4ccncn4)c3)C2)C1,0.5727923634827159,0.5398070270197796,0,0.6497581485629006,0.4790539,0.025390983,0.8256248926848113,0.7378915,0.990918,0.111577496,0.6663288,0.09801458,0.974609,0.99991333,0.76692784,0.8428036,-4.8994894,6.107762555795457,0.7802565878921076,0.21299489455098114,reinvent_pubchem,plain
82,60,23,O=C(c1cc([N+](=O)[O-])cc([N+](=O)[O-])c1)N1CC2(CCN(c3cncc(C#Cc4ccnnc4)c3)C2)C1,0.572515585961797,0.5419381690580912,0,0.6438628920704439,0.49487317,0.05017215,0.8063716899462052,0.6516623,0.98987836,0.06514697,0.7396124,0.07933419,0.94982785,0.99986994,0.7242427,0.84747994,-4.9670324,6.071809280192623,0.8475995545675238,0.23066143714582202,reinvent_pubchem,plain
83,54,10,O=C(c1cc([N+](=O)[O-])cc([N+](=O)[O-])c1)N1CC2(CCN(c3cncc(C#Cc4cn[nH]c4)c3)C2)C1,0.5721643428551918,0.539011094090497,0,0.6495219233061466,0.4983436,0.036358178,0.7779107008659429,0.6655568,0.9889305,0.07446313,0.6854423,0.09388908,0.9636418,0.9995798,0.7216516,0.7984865,-5.102158,6.071809280192623,0.8475995545675238,0.1940858193477243,reinvent_pubchem,plain
84,13,200,C(C#Cc1cncc(N2CCC3(CNC3)C2)c1)#Cc1ccccc1,0.5711380708707702,0.5460014073291332,0,0.6297902858012565,0.52256215,0.13289845,0.7468031620977771,0.81406605,0.6385841,0.33520564,0.46041584,0.13891773,0.86710155,0.9835623,0.597117,0.68183744,-4.54642,4.93756474998788,11.54609828355614,0.3110568575227186,reinvent_pubchem,plain
85,82,134,CS(=O)(=O)c1ccc(C#Cc2cncc(N3CCC4(CN(C(=O)c5cc([N+](=O)[O-])cc([N+](=O)[O-])c5)C4)C3)c2)cc1,0.5700542508060865,0.5484806516000412,0,0.6203926489535256,0.48811442,0.15102041,0.8308152901638243,0.55718064,0.995592,0.06084172,0.7019987,0.24381495,0.8489796,0.9990737,0.81643903,0.7530962,-4.736249,5.908757232201493,1.2337943235249924,0.19697724238625605,reinvent_pubchem,plain
86,58,12,Cn1nccc1C#Cc1cncc(N2CCC3(CN(C(=O)c4cc([N+](=O)[O-])cc([N+](=O)[O-])c4)C3)C2)c1,0.5698556279289904,0.5368121958254088,0,0.6469569695040138,0.45365363,0.040076613,0.8417110602860719,0.73387545,0.98364735,0.08449736,0.8318998,0.097811915,0.9599234,0.99986523,0.7473756,0.89876205,-4.836175,6.071809280192623,0.8475995545675238,0.21583453591782334,reinvent_pubchem,plain
87,109,146,O=C(c1cc([N+](=O)[O-])cc([N+](=O)[O-])c1)N1C(=O)C2(CCN(c3cncc(C#Cc4ccccc4)c3)C2)C1=O,0.5691800585230538,0.5542306326709145,0,0.6040620521780451,0.56075627,0.116818726,0.8312722175634467,0.3006764,0.9966286,0.0066060247,0.7221576,0.17015013,0.8831813,0.9998053,0.59831697,0.88536835,-4.3921866,5.585229177065605,2.598787821722653,0.21434396818307416,reinvent_pubchem,plain
88,61,7,O=C(c1cc([N+](=O)[O-])cc([N+](=O)[O-])c1)N1CC2(CCN(c3cncc(C#Cc4cc[nH]n4)c3)C2)C1,0.5689933103339884,0.5374611277913033,0,0.6425684029335869,0.4784752,0.073001385,0.7849089033214164,0.6393244,0.9873129,0.07890515,0.79472744,0.107353985,0.9269986,0.9993268,0.71184766,0.79119647,-4.972117,6.071809280192623,0.8475995545675238,0.2452941656001711,reinvent_pubchem,plain
89,74,29,O=C(c1cc([N+](=O)[O-])cc([N+](=O)[O-])c1)N1CC2(C1)CN(c1cncc(C#Cc3ccncc3)c1)C2,0.5688024230495629,0.5442484514421791,0,0.6260950234667915,0.5304375,0.05211401,0.8138613796367677,0.69270694,0.993355,0.06033895,0.4741168,0.12729481,0.947886,0.9998153,0.7469398,0.79652673,-4.811078,6.071809280192623,0.8475995545675238,0.25112126266876544,reinvent_pubchem,plain
90,150,175,O=C(c1ccc[n+]([O-])c1)N1CC2(CCN(c3cncc(C#Cc4ccccc4)c3)C2)C1,0.5683765832347912,0.5623717580186419,0,0.5823878420724731,0.52014077,0.68433577,0.4507444705874889,0.62528634,0.77234244,0.43131465,0.36499637,0.20535627,0.31566423,0.71327275,0.6612941,0.1843832,-4.7128134,5.394846103109279,4.028597666980578,0.3013105874135394,reinvent_pubchem,plain
91,37,155,CNCC(=O)N1CC2(CCN(c3cncc(N4CC(OCCCc5ccccc5)C4)c3)C2)C1,0.5678400882785102,0.5532093238982004,0,0.6019785384992331,0.5236207,0.18389446,0.8255308756269588,0.9061204,0.64810216,0.4727804,0.3016607,0.053232364,0.81610554,0.9999027,0.8404938,0.9194089,-5.38672,5.394846103109279,4.028597666980577,0.3749808542760155,reinvent_pubchem,plain
92,29,195,COC(=O)c1cncc(CN2CC3(CCN(c4cncc(C#CC(C)(C)O)c4)C3)C2)c1,0.5671937596078876,0.5509801778044366,0,0.6050254504826067,0.55989194,0.113178134,0.8117934580777647,0.87923825,0.68433654,0.50355273,0.029465627,0.1039471,0.88682187,0.99977845,0.8114567,0.8693158,-5.275956,5.302380392493043,4.984477127902903,0.3721464727113702,nitro_bioisostere_campaign,mol2mol_scaffold_generic
93,90,31,O=C(c1cc([N+](=O)[O-])cc([N+](=O)[O-])c1)N1CC2(C1)CN(c1cncc(C#Cc3cccnc3)c1)C2,0.56691954932426,0.5457556154208667,0,0.6163020617655113,0.5408002,0.07860434,0.8095265489659373,0.6539934,0.9941141,0.058208548,0.45591474,0.13376814,0.92139566,0.9996171,0.76590025,0.78833276,-4.8948684,6.071809280192623,0.8475995545675238,0.28794004536525003,reinvent_pubchem,plain
94,80,199,O=C(c1cc([N+](=O)[O-])cc([N+](=O)[O-])c1)N1CC2(CCN(c3cncc(C#Cc4ccc(F)cn4)c3)C2)C1,0.566820788793316,0.543344274896736,0,0.6215993212186692,0.47194517,0.09747028,0.8734516349587317,0.664775,0.99121255,0.08346865,0.75041324,0.15040468,0.9025297,0.99953973,0.78479016,0.87419415,-4.5579557,5.9306816277319285,1.173054992682967,0.14994767078647409,reinvent_pubchem,plain
95,63,3,CNCC#Cc1cncc(N2CCC3(CN(Cc4cc([N+](=O)[O-])cc([N+](=O)[O-])c4)C3)C2)c1,0.5664229589443873,0.5367565107738493,0,0.6356446713423094,0.3869087,0.24541724,0.7811776173105545,0.8858515,0.76377815,0.44523406,0.7315681,0.23902461,0.75458276,0.9983567,0.81053674,0.76637226,-5.267595,6.071809280192623,0.8475995545675238,0.27569624853706004,reinvent_pubchem,plain
96,136,44,O=C(O)N1CC2(CCN(c3cncc(C#Cc4cc([N+](=O)[O-])cc([N+](=O)[O-])c4)c3)C2)C1,0.5658283933862341,0.5553893883545774,0,0.5901860717934333,0.45259774,0.48283422,0.694873914929691,0.4715759,0.98086053,0.10581436,0.8948847,0.28387588,0.5171658,0.9608423,0.72619927,0.56027615,-5.021529,5.711729319827889,1.9420959391941166,0.33863391237117435,reinvent_pubchem,plain
97,108,97,O=C(c1cc([N+](=O)[O-])cc([N+](=O)[O-])c1)N1CC2(C1)C(=O)N(c1cncc(C#Cc3ccccc3)c1)C2=O,0.5652107096800839,0.5484270039380978,0,0.6043726897447181,0.5332189,0.13901252,0.8153512336395836,0.33913246,0.99755096,0.010866391,0.79468906,0.19166662,0.8609875,0.99947375,0.6064967,0.86065197,-4.5080056,5.341677187713488,4.5532637975173,0.25878414364199875,reinvent_pubchem,plain
98,81,76,O=C(c1cc([N+](=O)[O-])cc([N+](=O)[O-])c1)N1CC2(CCN(c3cncc(C#Cc4ccccn4)c3)C2)C1,0.5651247200349069,0.5413954644159644,0,0.6204929831457727,0.46905124,0.10625094,0.8598211351245659,0.6592001,0.989566,0.08761485,0.7697245,0.14863846,0.89374906,0.9995631,0.7815293,0.8637708,-4.656558,6.107762555795457,0.7802565878921075,0.23454684927976602,reinvent_pubchem,curriculum_learning
99,43,145,CN1C[C@@]2(CCN(c3cncc(C#Cc4ccccc4)c3)C2)CNC1=O,0.5645575794357955,0.5541461237288836,0,0.5888509760852568,0.4786923,0.25927413,0.8706599296908665,0.7865473,0.7051943,0.5560925,0.487992,0.070712335,0.7407259,0.996761,0.86019814,0.82433474,-4.6766043,5.2569823795355,5.533725605342816,0.4776218873969106,reinvent_pubchem,plain
100,76,60,O=C(c1cc([N+](=O)[O-])cc([N+](=O)[O-])c1)N1CC2(CCN(c3cncc(C#CC4CC4)c3)C2)C1,0.5639723530445502,0.5383031237833509,0,0.623867221320682,0.47224075,0.08733159,0.8426863223713301,0.6796711,0.9605489,0.072818704,0.82018435,0.10557314,0.9126684,0.9997829,0.6728486,0.92212546,-4.641429,6.107762555795457,0.7802565878921076,0.19640324418480787,reinvent_pubchem,plain
101,72,4,C[C@H](O)C#Cc1cncc(N2CCC3(CN(Cc4cc([N+](=O)[O-])cc([N+](=O)[O-])c4)C3)C2)c1,0.5637557234766173,0.5363900410628464,0,0.627608982442083,0.39495933,0.2776345,0.7572065974367773,0.82761276,0.8399788,0.36619538,0.7584833,0.23293312,0.7223655,0.9966074,0.77513593,0.7169982,-5.2337813,6.071809280192623,0.8475995545675238,0.2758437628592739,reinvent_pubchem,plain
102,71,184,O=C(c1cc([N+](=O)[O-])cc([N+](=O)[O-])c1)N1CC2(CCN(c3cncc(C#Cc4cncc(F)c4)c3)C2)C1,0.5631714191876518,0.535447769434301,0,0.6278599352788041,0.48383635,0.01932776,0.8603503083429268,0.77460694,0.9894136,0.097744286,0.6280583,0.09099479,0.98067224,0.99995553,0.7623275,0.90347254,-4.708881,5.981262413033174,1.044089160329687,0.13841577038003539,reinvent_pubchem,plain
103,83,181,O=C(c1cc([N+](=O)[O-])cc([N+](=O)[O-])c1)N1CC2(CCN(c3cncc(C#Cc4ccc(F)nc4)c3)C2)C1,0.5628321626122719,0.5382198752907801,0,0.6202608330290861,0.46437263,0.10061234,0.852783262805331,0.665882,0.98901445,0.091359936,0.8076941,0.124186255,0.89938766,0.9993938,0.7796131,0.85090065,-4.682712,5.981262413033174,1.044089160329687,0.15978117720285503,reinvent_pubchem,plain
104,143,91,O=C(c1ncc([N+](=O)[O-])cc1[N+](=O)[O-])N1CC2(CCN(c3cncc(C#Cc4ccccc4)c3)C2)C1,0.5627214993422119,0.5531890914570887,0,0.5849637844074996,0.4541437,0.2999996,0.8761301369617014,0.55585206,0.9945825,0.06268652,0.9001256,0.21603453,0.7000004,0.99939954,0.80441463,0.8696616,-4.582752,6.107762555795457,0.7802565878921075,0.3301171008176844,reinvent_pubchem,plain
105,52,77,O=C(c1cc([N+](=O)[O-])cc([N+](=O)[O-])c1)N1CC2(CCN(c3cncc(C#CCN4CCCC4)c3)C2)C1,0.5626366220713438,0.5247281146190725,0,0.6510898061266436,0.3779391,0.12245101,0.7925684916908609,0.87774307,0.88005555,0.34350508,0.8612933,0.14770721,0.877549,0.99876374,0.6774229,0.8180237,-4.8532047,5.811767914163721,1.5425245538220789,0.10037322077540169,reinvent_pubchem,plain
106,134,68,O=C(c1cc([N+](=O)[O-])cc([N+](=O)[O-])c1)N1CC2(CCN(c3cc(C#Cc4ccccn4)ccn3)C2)C1,0.5624053082228653,0.5491880169819541,0,0.5932456544516579,0.44227815,0.2593028,0.8850834337510032,0.65893173,0.98673993,0.09843192,0.8751963,0.16930941,0.7406972,0.9995055,0.7965554,0.88028145,-4.4959455,6.107762555795457,0.7802565878921075,0.25023503243567874,reinvent_pubchem,plain
107,39,82,O=C(C1CCN(c2cncc(C#Cc3ccccc3)c2)C1)N1CCC2(CNC2)C1,0.5623250508560113,0.5472368998559813,0,0.5975307365227478,0.6029521,0.10795134,0.7427822344810224,0.79930145,0.5509208,0.3021191,0.28017783,0.0527203,0.89204866,0.99591935,0.68805224,0.6616801,-4.91181,5.394846103109279,4.028597666980577,0.443407286988581,reinvent_pubchem,plain
108,97,113,O=C(c1cc([N+](=O)[O-])cc([N+](=O)[O-])c1)N1CC2(C1)CN(c1cncc(C#Cc3ccccc3)c1)S(=O)(=O)C2,0.5616957594671238,0.5400816191094028,0,0.6121287536351395,0.52418935,0.10240346,0.7881054766999854,0.46155867,0.99495906,0.016831953,0.70310843,0.20259516,0.89759654,0.99961156,0.6152902,0.80998766,-4.6669884,5.599258057138004,2.516181372229229,0.19603360490104074,reinvent_pubchem,plain
109,105,71,O=C(c1cc([N+](=O)[O-])cc([N+](=O)[O-])c1)N1CCC2(C1)CN(c1cncc(C#Cc3ccccn3)c1)C2,0.5608708910804292,0.5407437399413488,0,0.6078342437382837,0.477431,0.123621106,0.8621160893307578,0.64444107,0.98939705,0.08578099,0.7390777,0.15414816,0.8763789,0.9995432,0.7873546,0.86628866,-4.660283,6.107762555795457,0.7802565878921075,0.2345540520040502,reinvent_pubchem,plain
110,102,49,CCCC#Cc1cncc(N2CCC3(CN(C(=O)c4cc([N+](=O)[O-])cc([N+](=O)[O-])c4)C3)C2)n1,0.5606089738292149,0.5395051977777054,0,0.6098511179494037,0.46148157,0.10780609,0.8902059236502269,0.65579927,0.9851378,0.06642674,0.82791007,0.157318,0.8921939,0.9998988,0.778709,0.9533703,-4.607261,6.071809280192623,0.8475995545675238,0.23669325194563148,reinvent_pubchem,plain
111,65,67,O=C(c1cc([N+](=O)[O-])cc([N+](=O)[O-])c1)N1CC2(CCN(c3cncc(C#Cc4ccncc4)c3)C2)C1,0.5605369539681002,0.5302290505904215,0,0.6312553951826838,0.4701621,0.015741944,0.8417487170780971,0.8011082,0.98582304,0.10773873,0.6726402,0.081879094,0.98425806,0.99996823,0.74354184,0.8830823,-4.775338,6.107762555795457,0.7802565878921075,0.22423540352910032,reinvent_pubchem,curriculum_learning
112,51,27,O=C(c1cc([N+](=O)[O-])cc([N+](=O)[O-])c1)N1CC2(CCN(c3cncc(C#CCN4CCC4)c3)C2)C1,0.5602279676022931,0.5210466959301989,0,0.6516509348371795,0.3735373,0.1122573,0.7838723631870305,0.8712549,0.9066491,0.3102405,0.890703,0.15346596,0.8877427,0.9985415,0.66164404,0.8088458,-4.8600106,5.811767914163721,1.5425245538220789,0.1680378627193053,reinvent_pubchem,plain
113,57,26,O=[N+]([O-])c1cc(CN2CC3(CCN(c4cncc(C#CCN5CCOCC5)c4)C3)C2)cc([N+](=O)[O-])c1,0.5602236617862959,0.5228137832689266,0,0.6475133783268244,0.36005205,0.17551911,0.7672792244730325,0.9266528,0.78266907,0.48780409,0.7797269,0.22288688,0.8244809,0.9987505,0.70323896,0.7865198,-5.1078935,5.811767914163721,1.5425245538220789,0.15617889194564913,reinvent_pubchem,plain
114,73,21,O=C(c1cc([N+](=O)[O-])cc([N+](=O)[O-])c1)N1CC2(CCN(c3cncc(C#Cc4cccnc4)n3)C2)C1,0.5602050953398909,0.5316001242970659,0,0.6269500277731496,0.46450245,0.027145088,0.8618349006477852,0.7458112,0.9948367,0.090724304,0.71519727,0.13091838,0.9728549,0.99996364,0.7965108,0.915332,-4.8469596,6.071809280192623,0.8475995545675238,0.25959245831921507,reinvent_pubchem,plain
115,77,35,C#Cc1cncc(N2CCC3(CCN(C(=O)c4cc([N+](=O)[O-])cc([N+](=O)[O-])c4)C3)C2)c1,0.5588228460412494,0.5309929683554698,0,0.6237592273080684,0.444937,0.06590903,0.8612047611624515,0.74395025,0.9620105,0.13165914,0.8313974,0.106297635,0.934091,0.99988186,0.7581988,0.9274882,-4.7588034,6.071809280192623,0.8475995545675238,0.22235303227425907,reinvent_pubchem,plain
116,84,94,CC#Cc1cncc(N2CCC3(CCN(C(=O)c4cc([N+](=O)[O-])cc([N+](=O)[O-])c4)C3)C2)c1,0.5578958930801549,0.5313292284378011,0,0.6198847772456472,0.45130903,0.04460621,0.8857526056593187,0.75899035,0.9625322,0.1190726,0.8084447,0.09441521,0.9553938,0.9999503,0.7840205,0.95188606,-4.667472,6.071809280192623,0.8475995545675238,0.1759710935182942,reinvent_pubchem,plain
117,69,5,CC(O)C#Cc1cncc(N2CCC3(CN(Cc4cc([N+](=O)[O-])cc([N+](=O)[O-])c4)C3)C2)c1,0.5573859135026463,0.5268366351261562,0,0.6286675630477901,0.38806182,0.20588863,0.7735832061862283,0.85191727,0.85455835,0.3488524,0.7550805,0.24928267,0.7941114,0.998314,0.7650067,0.7748419,-5.2159524,6.071809280192623,0.8475995545675238,0.2758437628592739,reinvent_pubchem,plain
118,116,18,O=C(c1cc([N+](=O)[O-])cc([N+](=O)[O-])c1)N1CC2(CCN(c3cncc(C#CC4(O)CC4)c3)C2)C1,0.5572975934645872,0.5387869221613909,0,0.6004891598387121,0.4908985,0.16789454,0.8043866353051555,0.6119158,0.96129876,0.08424873,0.7901226,0.09792137,0.83210546,0.9990015,0.72140366,0.85303175,-4.989707,5.981262413033174,1.044089160329687,0.38929679666850825,reinvent_pubchem,plain
119,78,66,NS(=O)(=O)c1cccc(C#Cc2cncc(N3CCC4(CN(C(=O)c5cc([N+](=O)[O-])cc([N+](=O)[O-])c5)C4)C3)c2)c1,0.5566901248328466,0.5280427496303506,0,0.6235340003053375,0.48509616,0.097792804,0.7433965955663884,0.59055835,0.9924761,0.08480227,0.6657194,0.24096306,0.9022072,0.99777365,0.79001796,0.65181834,-5.235924,5.424932304046057,3.7589599277096304,0.20632922643623386,reinvent_pubchem,plain
120,66,30,O=[N+]([O-])c1cc(CN2CC3(CCN(c4cncc(C#CC5(O)CC5)c4)C3)C2)cc([N+](=O)[O-])c1,0.55664202873149,0.5247630646283142,0,0.6310262783055669,0.4090286,0.14705259,0.7765746862003454,0.8651908,0.82924974,0.32693595,0.7631613,0.17031927,0.8529474,0.9989538,0.71907645,0.80587405,-5.126051,5.884273094995402,1.3053497941104732,0.20595008938941406,reinvent_pubchem,plain
121,100,83,O=C(c1cc([N+](=O)[O-])cc([N+](=O)[O-])c1)N1CC2(C1)CN(c1cccc(C#Cc3cncnc3)c1)C2,0.5559443800245137,0.5323127352352062,0,0.6110848845328982,0.52607995,0.03678876,0.8019082305837837,0.7407525,0.99377906,0.078143835,0.4216315,0.13529325,0.96321124,0.99976015,0.75407743,0.79923064,-4.967568,5.711729319827889,1.9420959391941166,0.2069396169898542,reinvent_pubchem,plain
122,123,89,CCC#Cc1cncc(N2CC3(CCN(C(=O)c4cc([N+](=O)[O-])cc([N+](=O)[O-])c4)C3)C2)c1,0.5556174980695506,0.5375991584593908,0,0.5976602904932572,0.47935408,0.11884719,0.873242854352304,0.6510124,0.9698702,0.07546346,0.77857727,0.12830625,0.8811528,0.9997265,0.76710427,0.9253024,-4.6567693,6.071809280192623,0.8475995545675238,0.2693881946925698,reinvent_pubchem,plain
123,95,41,C#Cc1cncc(N2CCCC3(CN(C(=O)c4cc([N+](=O)[O-])cc([N+](=O)[O-])c4)C3)C2)c1,0.5546311489623894,0.5294906490744474,0,0.6132923153675877,0.44753683,0.09011495,0.8540510517951815,0.75140417,0.97072,0.12694123,0.77818054,0.13507,0.90988505,0.9996214,0.76859117,0.8890873,-4.7498035,6.0212284948913775,0.9522950022461045,0.24889378658184247,reinvent_pubchem,plain
124,87,78,O=C(c1cc([N+](=O)[O-])cc([N+](=O)[O-])c1)N1CC2(CCN(c3cncc(C#Cc4cccnc4)c3)C2)C1,0.554560410204066,0.5266372393876735,0,0.6197144754423153,0.47371542,0.0215379,0.8407078944591152,0.7764005,0.9874427,0.1045809,0.6733756,0.08962329,0.9784621,0.99994004,0.76140106,0.886623,-4.8580275,6.107762555795457,0.7802565878921075,0.26881438886141185,reinvent_pubchem,plain
125,104,24,O=C(c1cc([N+](=O)[O-])cc([N+](=O)[O-])c1)N1CC2(CCN(c3cncc(C#Cc4ccc[n+]([O-])c4)c3)C2)C1,0.5541831494826925,0.5311801344861325,0,0.6078568511413325,0.42992276,0.5695325,0.43155989697686914,0.62425935,0.95988053,0.19169386,0.854126,0.2204266,0.43046746,0.7912811,0.5554896,0.18632552,-5.018891,5.945309137430339,1.1342031851534902,0.3906413119473252,reinvent_pubchem,plain
126,89,84,O=C(c1cccnc1)N1CC2(CCN(c3cncc(C#Cc4cc([N+](=O)[O-])cc([N+](=O)[O-])c4)c3)C2)C1,0.553994318495929,0.5272840773233392,0,0.6163182145653053,0.47268832,0.032035053,0.8464236228976447,0.7596882,0.9895221,0.0944602,0.67953837,0.113349475,0.96796495,0.9998236,0.7444364,0.8660451,-4.6769547,6.071809280192623,0.8475995545675238,0.23969253921853162,reinvent_pubchem,plain
127,96,88,O=C(c1cc([N+](=O)[O-])cc([N+](=O)[O-])c1)N1CC2(CCN(c3cncc(C#Cc4nccs4)c3)C2)C1,0.5539482251170625,0.5288633722710577,0,0.6124795484244071,0.4669162,0.09460145,0.8155220412931895,0.6105565,0.9900376,0.050138664,0.87995625,0.13472997,0.90539855,0.9996301,0.6386226,0.88263714,-4.684491,6.107762555795457,0.7802565878921075,0.1881996696138197,reinvent_pubchem,plain
128,91,62,O=C(c1cc([N+](=O)[O-])cc([N+](=O)[O-])c1)N1CCC2(C1)CN(c1cncc(C#Cc3ccncc3)c1)C2,0.5533226488756006,0.5264831868004844,0,0.6159480603842049,0.4807837,0.01810205,0.842635512474276,0.7876551,0.9856542,0.104595326,0.63279915,0.085378036,0.98189795,0.9999668,0.74772584,0.8830331,-4.780319,6.107762555795457,0.7802565878921075,0.22067978776934563,reinvent_pubchem,plain
129,139,73,CC(C)(O)C#Cc1cncc(N2CCC3(CN(C(=O)c4ccc5c(c4)OCO5)C3)C2)c1,0.5520365481655061,0.5364151992628485,0,0.588486362271707,0.5432354,0.061838448,0.8434114199546362,0.8542713,0.79025614,0.42166004,0.1499427,0.06769304,0.93816155,0.9998255,0.7916837,0.91208124,-5.010904,5.442375258869468,3.6109771573069493,0.5769611439232389,reinvent_pubchem,plain
130,135,51,O=C(C1=CC([N+](=O)[O-])C=C([N+](=O)[O-])C1)N1CC2(CCN(c3cncc(C#Cc4ccccc4)c3)C2)C1,0.5516228115726032,0.5338571832680896,0,0.5930759442831348,0.5089467,0.1810689,0.75050662541444,0.6028667,0.9258879,0.078065835,0.70377696,0.144669,0.8189311,0.98117286,0.6164564,0.7373841,-4.729815,5.884273094995402,1.3053497941104732,0.24118238720149135,reinvent_pubchem,plain
131,121,6,COCC#Cc1cncc(N2CCC3(CN(C(=O)c4cc([N+](=O)[O-])cc([N+](=O)[O-])c4)C3)C2)c1,0.551352968364167,0.5311923295188568,0,0.5983944590032243,0.46825123,0.10207307,0.8636070275409727,0.65990764,0.9711133,0.089360595,0.8205783,0.11778398,0.8979269,0.99961966,0.7774653,0.9157769,-4.762578,6.071809280192623,0.8475995545675238,0.42753754122917104,reinvent_pubchem,plain
132,117,171,CCCCC#Cc1cncc(N2CCC3(CN(C(=O)c4cc([N+](=O)[O-])cc([N+](=O)[O-])c4)C3)C2)n1,0.5500546562356083,0.5285369136030211,0,0.6002627223783118,0.46189982,0.069613576,0.8833446476662904,0.7016904,0.9836483,0.06706378,0.78991354,0.14818498,0.9303864,0.9999382,0.750369,0.95892507,-4.5985274,6.107762555795457,0.7802565878921075,0.2175841041820038,reinvent_pubchem,plain
133,142,166,O=C(c1ccc2c(c1)OCO2)N1CC2(CCN(c3cncc(C#CC4(O)CC4)c3)C2)C1,0.5499191707514685,0.5348076963027084,0,0.5851792777985753,0.5592061,0.045097053,0.8327395407955345,0.8380661,0.7514942,0.39110026,0.18135524,0.041953668,0.95490295,0.99988526,0.7615244,0.907292,-5.0040016,5.3790067600591644,4.178238629120957,0.5593254586172902,reinvent_pubchem,plain
134,92,96,O=C(CS(=O)(=O)c1cc([N+](=O)[O-])cc([N+](=O)[O-])c1)N1CC2(CCN(c3cncc(C#Cc4ccccc4)c3)C2)C1,0.5498109033195777,0.521981302980753,0,0.6147466374435022,0.47849673,0.040373147,0.7977677431736548,0.66330755,0.99006236,0.050606508,0.71705663,0.18648331,0.95962685,0.9994297,0.68948734,0.7857251,-4.7458596,5.820965540013625,1.5101999793248753,0.19302870046525686,reinvent_pubchem,plain
135,118,59,O=C(c1cc([N+](=O)[O-])cc([N+](=O)[O-])c1)N1CC2(CCN(c3ccnc(C#Cc4cccnc4)c3)C2)C1,0.5486998023550822,0.5266399713723786,0,0.6001727413147241,0.460312,0.09036207,0.8528661613925498,0.69155157,0.98859835,0.09976689,0.78206456,0.13645868,0.9096379,0.9996688,0.78150713,0.8539012,-4.699149,6.107762555795457,0.7802565878921075,0.2788692153407059,reinvent_pubchem,plain
136,35,138,CC(N)C(=O)N1CC2(CCN(c3cncc(N4CC(OCCCc5ccccc5)C4)c3)C2)C1,0.5483267756747057,0.5247582270074331,0,0.6033200558983417,0.516614,0.022074401,0.8053302442141935,0.95651877,0.65206516,0.47366825,0.27157363,0.06310419,0.9779256,0.9999264,0.76041734,0.9358184,-5.3721495,5.394846103109279,4.028597666980577,0.35963856804252176,reinvent_pubchem,plain
137,137,25,O=C(c1cc([N+](=O)[O-])cc([N+](=O)[O-])c1)N1CC2(CCN(c3cncc(C#Cc4ncco4)c3)C2)C1,0.547815816159255,0.5300268441894447,0,0.5893234174221459,0.4793141,0.12031233,0.8463728920369873,0.5882369,0.99034595,0.06699087,0.8243394,0.13351648,0.87968767,0.99959695,0.74266595,0.8568648,-4.642011,6.071809280192623,0.8475995545675238,0.3976237797667871,reinvent_pubchem,plain
138,122,65,O=C(c1cc([N+](=O)[O-])cc([N+](=O)[O-])c1)N1CC2(CCN(c3ccc(C#Cc4cccnc4)nc3)C2)C1,0.5477504891723082,0.5262803175514277,0,0.5978475562876961,0.46182042,0.09764975,0.8476423198974201,0.6815608,0.9898893,0.092270836,0.78549874,0.14167823,0.90235025,0.99949837,0.7753698,0.8499386,-4.719212,6.107762555795457,0.7802565878921075,0.2792316066844929,reinvent_pubchem,plain
139,38,172,CC(O)C(=O)N1CC2(CCN(c3cncc(N4CC(OCCCc5ccccc5)C4)c3)C2)C1,0.54759187644573,0.5249347615984202,0,0.6004584777561196,0.50484264,0.042681694,0.8141035486369033,0.9425495,0.71393967,0.44155884,0.29559463,0.0821442,0.9573183,0.99982834,0.74900407,0.9278167,-5.21691,5.394846103109279,4.028597666980578,0.36303218871507587,reinvent_pubchem,plain
140,107,64,O=C(c1cc([N+](=O)[O-])cc([N+](=O)[O-])c1)N1CC2(CCN(c3ccc(C#Cc4ccncc4)cn3)C2)C1,0.5474737342243985,0.5226405315004291,0,0.6054178739136604,0.44425166,0.06653005,0.8610671081355779,0.7644845,0.9849868,0.11556532,0.7918215,0.12188391,0.93346995,0.99986935,0.77379024,0.88004076,-4.6686273,6.107762555795457,0.7802565878921075,0.23995494669914166,reinvent_pubchem,plain
141,111,72,O=C(c1cc([N+](=O)[O-])cc([N+](=O)[O-])c1)N1CCC2(C1)CN(c1cncc(C#Cc3cccnc3)c1)C2,0.5468107859754876,0.5226591461710929,0,0.6031646121857422,0.48460025,0.025526345,0.8417070489549061,0.7621856,0.987268,0.10172502,0.6320631,0.093757235,0.97447366,0.99993354,0.76682746,0.88643855,-4.8656583,6.107762555795457,0.7802565878921075,0.2691856918439976,reinvent_pubchem,plain
142,192,117,N#CC1CCCCC1n1cc(C(N)=O)c(=Nc2ccc([N+](=O)[O-])cc2)[nH]1,0.5467987118976728,0.5533047449075004,0,0.5316179682080755,0.52366483,0.43614995,0.7849196899689944,0.48662648,0.9456298,0.12694679,0.5935483,0.22892424,0.56385005,0.99633473,0.86174905,0.74288523,-5.320546,5.363406083895016,4.33105716646567,0.39280747685996953,reinvent,curriculum_learning
143,164,106,O=C(c1cc([N+](=O)[O-])cc([N+](=O)[O-])c1)N1CCN(c2cncc(C#Cc3ccccc3)c2)C(O)C1,0.5460673637100263,0.5343511802182797,0,0.5734051251907685,0.5546876,0.09830332,0.8193431400268676,0.49251246,0.9936365,0.019178923,0.52513945,0.19609481,0.9016967,0.9998541,0.6878872,0.85246646,-4.7228727,5.585229177065605,2.598787821722653,0.34518159714291086,reinvent_pubchem,plain
144,114,92,O=C(c1cc([N+](=O)[O-])cc([N+](=O)[O-])c1)N1CC2(CCN(c3cncc(C#Cc4cscn4)c3)C2)C1,0.5459314659883785,0.5220053020892149,0,0.6017591817530934,0.4622817,0.07689035,0.827397943548879,0.650036,0.99029624,0.070501395,0.8483054,0.12945254,0.92310965,0.999735,0.70638007,0.874794,-4.7701826,6.107762555795457,0.7802565878921075,0.24034197076536926,reinvent_pubchem,plain
145,140,162,O=C(c1cc([N+](=O)[O-])cc([N+](=O)[O-])c1)N1CC2(CCN(c3cncc(C#Cc4nnn[nH]4)c3)C2)C1,0.545473940792782,0.5281564934202799,0,0.5858813179952869,0.51669014,0.20690393,0.6953451710332987,0.44307908,0.99172485,0.036359243,0.80579597,0.13959011,0.79309607,0.9980389,0.69833404,0.72089803,-5.6330514,6.071809280192623,0.8475995545675238,0.26839915049426966,reinvent_pubchem,plain
146,165,128,O=C(c1cc([N+](=O)[O-])cc([N+](=O)[O-])c1)N1CCN(c2cncc(C#Cc3ccccc3)c2)CC(O)C1,0.5452494112350981,0.533381329374488,0,0.5729416022431881,0.5563024,0.07849139,0.8313886139726266,0.54205424,0.9947394,0.021420624,0.45061007,0.20966335,0.9215086,0.99985325,0.7254969,0.8592637,-4.747547,5.585229177065605,2.5987878217226528,0.35799212589888113,reinvent_pubchem,plain
147,126,129,CC#Cc1cncc(N2CCCC3(CN(C(=O)c4cc([N+](=O)[O-])cc([N+](=O)[O-])c4)C3)C2)c1,0.5451690479944364,0.5234618749164092,0,0.5958191185098334,0.45579302,0.063405335,0.8792281037813408,0.764538,0.9716754,0.11394093,0.7441917,0.12668881,0.93659467,0.99982727,0.7930552,0.9225749,-4.6758785,6.0212284948913775,0.9522950022461045,0.24685630898573566,reinvent_pubchem,plain
148,132,54,O=C(C1=CC([N+](=O)[O-])CC([N+](=O)[O-])=C1)N1CC2(CCN(c3cncc(C#Cc4ccccc4)c3)C2)C1,0.5450390802035789,0.5241891191536845,0,0.5936889893199996,0.48771375,0.17106521,0.7296056840227465,0.6558987,0.9072132,0.09049903,0.7578176,0.15000263,0.8289348,0.9819924,0.5826803,0.7052218,-4.737569,5.884273094995402,1.3053497941104732,0.23910123478610812,reinvent_pubchem,plain
149,98,99,O=C(c1cc([N+](=O)[O-])cc([N+](=O)[O-])c1)N1CC2(CCN(c3cncc(C#Cc4cncs4)c3)C2)C1,0.5449217335176214,0.5164486536646629,0,0.6113589198411915,0.4668119,0.019884229,0.8110102102732386,0.7448312,0.9900397,0.075622864,0.75868106,0.0967657,0.9801158,0.999946,0.65736544,0.89186347,-4.825661,6.107762555795457,0.7802565878921075,0.2045264108410026,reinvent_pubchem,plain
150,125,75,O=C(c1cc([N+](=O)[O-])cc([N+](=O)[O-])c1)N1CC2(CCN(c3ccc(C#Cc4cccnc4)cn3)C2)C1,0.5443951502719664,0.522297174845392,0,0.5959570929339735,0.44454426,0.0912174,0.8619853915760918,0.7401042,0.98640984,0.1150735,0.80369866,0.13199265,0.9087826,0.9997611,0.79329026,0.88495845,-4.740337,6.107762555795457,0.7802565878921075,0.27544822749174996,reinvent_pubchem,plain
151,68,37,Cn1cc(C#Cc2cncc(N3CCC4(CN(Cc5cc([N+](=O)[O-])cc([N+](=O)[O-])c5)C4)C3)c2)cn1,0.5442144710738869,0.507622860699062,0,0.6295948952818118,0.3747021,0.06457263,0.8062915894678924,0.8877969,0.93172276,0.34174702,0.7910841,0.17413898,0.93542737,0.99958926,0.7916447,0.8283561,-5.138854,6.107762555795457,0.7802565878921076,0.20773355941621185,reinvent_pubchem,plain
152,115,112,CC#Cc1cncc(N2CC3(CCN(Cc4cc([N+](=O)[O-])cc([N+](=O)[O-])c4)C3)C2)c1,0.543758774311636,0.5194136814798139,0,0.600563990919221,0.39425862,0.12047738,0.8834908281480566,0.8935838,0.8648008,0.36915857,0.72531855,0.17584492,0.8795226,0.99989015,0.8260025,0.9262441,-4.7561784,5.968845879068968,1.0743706136432627,0.2334476133727485,reinvent_pubchem,plain
153,128,33,COc1ncc(C#Cc2cncc(N3CCC4(CN(C(=O)c5cc([N+](=O)[O-])cc([N+](=O)[O-])c5)C4)C3)c2)cn1,0.5437511821556272,0.5218076029605838,0,0.594952866944062,0.4859873,0.03138256,0.852497346910457,0.7207503,0.9957553,0.11385888,0.62894154,0.11075743,0.96861744,0.9998995,0.8499829,0.84964144,-4.9261107,5.894728352129094,1.2742998966114207,0.3604984787948054,reinvent_pubchem,plain
154,188,189,COC(=O)C(C)(C)C(=O)N1CC2(CCN(c3cncc(C#CCCCCCO)c3)C2)C1,0.5437218990239234,0.544286095920272,0,0.5424054395991104,0.6664671,0.056579113,0.8340000900320089,0.6607631,0.65053254,0.18156588,0.12163417,0.053168885,0.9434209,0.9997075,0.6852935,0.9011628,-4.7097626,5.3554205402388755,4.411430685362968,0.379781725893301,nitro_bioisostere_campaign,mol2mol_similarity
155,162,109,O=C(c1cc([N+](=O)[O-])cc([N+](=O)[O-])c1)N1CC2(C1)OCCN(c1cncc(C#Cc3ccccc3)c1)C2=O,0.5434938295186005,0.5301493621911532,0,0.5746309199493111,0.5040581,0.12403375,0.8463056987812014,0.465878,0.99733955,0.020382792,0.7961417,0.19996741,0.87596625,0.99963725,0.6899536,0.89343584,-4.5739694,5.585229177065605,2.598787821722653,0.31235695086876936,reinvent_pubchem,plain
156,179,142,CC1CN=C(c2cc(NC(=O)Oc3ccccc3C3=NCCCN3)cc(C3=NCCN3)c2)N1,0.5433548022361616,0.5395536760221583,0,0.552224096735503,0.68996847,0.4032725,0.38713223759984106,0.84898454,0.23713839,0.27126664,0.09698641,0.09578161,0.5967275,0.89053345,0.6083738,0.34835005,-6.746563,5.239479119008365,5.7613051839909915,0.5438200207481106,reinvent,curriculum_learning
157,106,2,CNCCC#Cc1cncc(N2CCC3(CN(C(=O)c4cc([N+](=O)[O-])cc([N+](=O)[O-])c4)C3)C2)c1,0.5431784979655502,0.5155275976035674,0,0.6076972654768434,0.41319114,0.13019621,0.7949107410409753,0.78335065,0.9213772,0.25596604,0.84422433,0.12912618,0.8698038,0.998627,0.7962622,0.8123692,-5.218255,6.071809280192623,0.8475995545675238,0.42346472986872535,reinvent_pubchem,plain
158,112,61,O=C(c1cc([N+](=O)[O-])cc([N+](=O)[O-])c1)N1CC2(CCN(c3cc(C#Cc4ccncc4)ccn3)C2)C1,0.5431667072872122,0.5175244607169462,0,0.6029986159511663,0.43685967,0.04915285,0.8639149257443457,0.795797,0.98407954,0.12663424,0.80027246,0.1089185,0.95084715,0.99993336,0.76176375,0.88070345,-4.600236,6.107762555795457,0.7802565878921075,0.2397499441589291,reinvent_pubchem,plain
159,131,14,Cn1ccnc1C#Cc1cncc(N2CCC3(CN(C(=O)c4cc([N+](=O)[O-])cc([N+](=O)[O-])c4)C3)C2)c1,0.5414823383504714,0.5190001883112927,0,0.5939406884418887,0.4672197,0.06355524,0.835924432201787,0.69730747,0.9844896,0.102046095,0.76150024,0.11855795,0.93644476,0.9996082,0.7672694,0.84442234,-4.796876,6.071809280192623,0.8475995545675238,0.40679225720171025,reinvent_pubchem,plain
160,133,69,O=C(c1cc([N+](=O)[O-])cc([N+](=O)[O-])c1)N1CC2(CCN(c3cc(C#Cc4cccnc4)ccn3)C2)C1,0.5395851814213611,0.5165459779478005,0,0.5933433228596692,0.4372158,0.06870049,0.8662163823596651,0.7725771,0.98578584,0.123600006,0.8126376,0.11932032,0.9312995,0.9998859,0.7822488,0.8877103,-4.66771,6.107762555795457,0.7802565878921075,0.2756670474644294,reinvent_pubchem,plain
161,129,9,O=C(c1cc([N+](=O)[O-])cc([N+](=O)[O-])c1)N1CC2(CCN(c3cncc(C#Cc4ncc[nH]4)c3)C2)C1,0.5380599280127625,0.5137349356463882,0,0.5948182435343026,0.46682322,0.087166905,0.7752392333064613,0.67803484,0.98703516,0.124276675,0.7459332,0.13060398,0.9128331,0.99880916,0.73572886,0.7178229,-4.927086,6.071809280192623,0.8475995545675238,0.4033644155180458,reinvent_pubchem,plain
162,163,111,O=C(C1=CC([N+](=O)[O-])=CC([N+](=O)[O-])C1)N1CC2(CCN(c3cncc(C#Cc4ccccc4)c3)C2)C1,0.5376642765334517,0.5219285902712519,0,0.5743808778119179,0.5019957,0.16761446,0.7521073605864135,0.61209965,0.9310459,0.0796289,0.72657406,0.1406729,0.83238554,0.9865087,0.6150157,0.7428757,-4.756761,5.696016799531008,2.0136463557833917,0.2799664474173561,reinvent_pubchem,plain
163,130,11,O=C(c1cc([N+](=O)[O-])cc([N+](=O)[O-])c1)N1CC2(CCN(c3cncc(C#Cc4c[nH]cn4)c3)C2)C1,0.5371213951830778,0.5127396344227886,0,0.5940121702904193,0.47605747,0.07015258,0.772646021467901,0.66121167,0.98922837,0.09644985,0.75395143,0.11887139,0.9298474,0.9990637,0.71838176,0.7632091,-5.034731,6.071809280192623,0.8475995545675238,0.4045363733367207,reinvent_pubchem,plain
164,158,86,O=C(c1cc([N+](=O)[O-])cc([N+](=O)[O-])c1)N1CC2(CN(c3cncc(C#Cc4ccccc4)c3)C2)C(O)C1O,0.534254911330519,0.5157254608196905,0,0.5774902958557854,0.4782592,0.12177247,0.7868276993263154,0.6361931,0.9879103,0.065585636,0.7844676,0.13454747,0.87822753,0.9990339,0.74404144,0.7709004,-4.998818,5.5633047815351695,2.733349828002353,0.27078859129684124,reinvent_pubchem,plain
165,173,53,Cc1cc(C#Cc2cncc(N3CCC4(CN(C(=O)c5cc([N+](=O)[O-])cc([N+](=O)[O-])c5)C4)C3)c2)no1,0.5342390636131583,0.5215061464089635,0,0.5639492037562795,0.48894906,0.11757153,0.8523733905472776,0.5790531,0.99141836,0.046414964,0.8125502,0.12581794,0.88242847,0.99969447,0.73915446,0.8818822,-4.6447086,6.071809280192623,0.8475995545675238,0.41415738356960996,reinvent_pubchem,plain
166,152,135,N#Cc1cncc(N2CCCC3(CN(C(=O)c4cc5c(cc4[N+](=O)[O-])OCO5)C3)C2)c1,0.5341631740455118,0.514249172216208,0,0.5806291783138874,0.47155637,0.031070113,0.8694428908343906,0.85780066,0.9264492,0.31481963,0.45145202,0.091696784,0.9689299,0.9999031,0.80411977,0.9122904,-4.7844167,5.535947729858899,2.9110674627219133,0.3568199479159207,reinvent_pubchem,plain
167,144,28,O=C(c1cc([N+](=O)[O-])cc([N+](=O)[O-])c1)N1CC2(CCN(c3cncc(C#Cc4cnco4)c3)C2)C1,0.5328884228914316,0.5106402036173762,0,0.5848009345308944,0.47999632,0.020187378,0.8296839687091897,0.71824396,0.9897803,0.07691725,0.72389406,0.09118286,0.9798126,0.9999523,0.7072259,0.89599675,-4.8154345,6.071809280192623,0.8475995545675238,0.39641873977219155,reinvent_pubchem,plain
168,124,8,O=C(c1cc([N+](=O)[O-])cc([N+](=O)[O-])c1)N1CC2(CCN(c3cncc(C#Cc4cnc[nH]4)c3)C2)C1,0.5321128865239256,0.5046828563140716,0,0.5961162903469185,0.4684173,0.011650264,0.7838577613809141,0.79970026,0.9885893,0.109849885,0.68182963,0.07794436,0.98834974,0.9999479,0.698259,0.8461714,-5.1081204,6.071809280192623,0.8475995545675238,0.40450559475366465,reinvent_pubchem,plain
169,167,122,O=C(c1cc([N+](=O)[O-])cc([N+](=O)[O-])c1)N1C[C@H](O)C2(C1)CN(c1cncc(C#Cc3ccccc3)c1)C2,0.5314040985266827,0.5139676925614751,0,0.5720890457788338,0.44753456,0.14283502,0.8214581801915325,0.6868639,0.9838093,0.107060716,0.87684137,0.10775211,0.857165,0.9989433,0.7301435,0.81865054,-4.7370505,5.585229177065605,2.598787821722653,0.3129567045648917,reinvent_pubchem,plain
170,157,42,COCC#Cc1cncc(N2CCCC3(CN(C(=O)c4cc([N+](=O)[O-])cc([N+](=O)[O-])c4)C3)C2)c1,0.5309140375940982,0.5109452047215122,0,0.5775079809634656,0.4553033,0.05973327,0.8552052968325028,0.75917476,0.96940935,0.109437265,0.75653785,0.12892434,0.9402667,0.99970657,0.7593485,0.918958,-4.797916,6.0212284948913775,0.9522950022461045,0.40749057373062936,reinvent_pubchem,plain
171,101,58,O=[N+]([O-])c1cc(CN2CC3(CCN(c4cncc(C#CCN5CCC5)c4)C3)C2)cc([N+](=O)[O-])c1,0.5308921544628582,0.4970274957296191,0,0.6099096915070831,0.33415997,0.1592434,0.7676108725215726,0.9514613,0.72195256,0.57715696,0.82410127,0.2545281,0.8407566,0.9989826,0.6599239,0.79980695,-4.9979215,5.811767914163721,1.5425245538220789,0.24025524724241573,reinvent_pubchem,plain
172,168,123,O=C(c1cc([N+](=O)[O-])cc([N+](=O)[O-])c1)N1C[C@@H](O)C2(C1)CN(c1cncc(C#Cc3ccccc3)c1)C2,0.5292882045864071,0.5110766614675434,0,0.5717818051970892,0.44234586,0.12207317,0.8325160505184261,0.7100865,0.9842396,0.11028552,0.86393756,0.11972149,0.8779268,0.99892485,0.74208194,0.8312195,-4.701492,5.585229177065605,2.598787821722653,0.3129567045648917,reinvent_pubchem,plain
173,181,133,O=C(c1cc([N+](=O)[O-])cc([N+](=O)[O-])c1)N1CCN(c2cncc(C#Cc3ccccc3)c2)CC1CO,0.5287132349849258,0.5191356229113775,0,0.551060996489872,0.5434468,0.068956256,0.8330202715496655,0.55017245,0.9939176,0.023475535,0.5064584,0.20874222,0.93104374,0.9998864,0.6977565,0.8815185,-4.7037,5.585229177065605,2.5987878217226528,0.40212815854895867,reinvent_pubchem,plain
174,149,95,O=C(c1ccc2c(c1)OCO2)N1CC2(CCN(c3cncc(C#CCN4CCC4)c3)C2)C1,0.5279045664474427,0.5043160192864401,0,0.5829445098231153,0.4634788,0.033507705,0.807300885830853,0.9626597,0.6675793,0.71167284,0.26583418,0.07486008,0.9664923,0.99980557,0.6900553,0.8645171,-4.8918495,5.442375258869468,3.6109771573069493,0.5773259895544841,reinvent_pubchem,plain
175,161,36,COCC#Cc1cncc(N2CCC3(CCN(C(=O)c4cc([N+](=O)[O-])cc([N+](=O)[O-])c4)C3)C2)c1,0.5274403912204582,0.5068404857798483,0,0.5755068372485481,0.451248,0.041431546,0.8589045278729442,0.7593633,0.96029013,0.11571094,0.8136975,0.094698206,0.95856845,0.9999002,0.7475455,0.946838,-4.8053927,6.071809280192623,0.8475995545675238,0.40227748807278957,reinvent_pubchem,plain
176,176,140,O=C(c1cc([N+](=O)[O-])cc([N+](=O)[O-])c1)N1CC2(CCN(c3cncc(C#Cc4ccco4)c3)C2)C1,0.5273462173645516,0.5136710487139436,0,0.55925494421597,0.46901488,0.105445206,0.859572142577044,0.6436396,0.98602504,0.062320214,0.8355401,0.12740062,0.8945548,0.99973345,0.7192055,0.89668626,-4.547052,6.071809280192623,0.8475995545675238,0.4137608002888265,reinvent_pubchem,plain
177,172,188,COc1cccc(C#Cc2cncc(N3CCC4(CN(C(=O)c5cc([N+](=O)[O-])cc([N+](=O)[O-])c5)C4)C3)c2)n1,0.5272330684902418,0.5111297877825213,0,0.5648073901415899,0.45774066,0.076224625,0.8739840105774974,0.69271374,0.9932211,0.07632421,0.8182465,0.13079107,0.9237754,0.9998272,0.7938742,0.8883748,-4.628617,5.894728352129094,1.2742998966114207,0.3513312614835527,reinvent_pubchem,plain
178,148,48,Nc1cc(C#Cc2cncc(N3CCC4(CN(C(=O)c5cc([N+](=O)[O-])cc([N+](=O)[O-])c5)C4)C3)c2)ccn1,0.5266798541485785,0.502349668221219,0,0.5834502879790844,0.42658484,0.08614588,0.8015263120895385,0.7773549,0.98878205,0.15399782,0.87496865,0.071972355,0.9138541,0.9996357,0.7695452,0.77108324,-4.937814,5.8250374233457896,1.4961067303672524,0.3757872007613878,reinvent_pubchem,plain
179,182,130,O=C(c1cc([N+](=O)[O-])cc([N+](=O)[O-])c1)N1CCN(c2cncc(C#Cc3ccccc3)c2)C(CO)C1,0.5261703352943933,0.5163909724427108,0,0.5489888486149858,0.54063946,0.06725007,0.8273240936137017,0.57900107,0.9932457,0.026566809,0.49037576,0.20761327,0.9327499,0.99987185,0.6925837,0.8702965,-4.7107167,5.585229177065605,2.5987878217226528,0.411110234714699,reinvent_pubchem,plain
180,183,160,CCCCC#Cc1cncc(N2CCC3(CN(C(=O)c4cc[n+]5c(c4)OCO5)C3)C2)c1,0.5253619226696669,0.5165320801393765,0,0.5459648885736779,0.55657566,0.468382,0.40964440131989827,0.72247577,0.69233316,0.4024774,0.24019673,0.15963832,0.531618,0.7180249,0.60180753,0.18266806,-4.958516,5.442375258869468,3.6109771573069502,0.3858661162549111,nitro_bioisostere_campaign,mol2mol_scaffold
181,127,114,COCC#Cc1cncc(N2CCCC3(CN(Cc4cc([N+](=O)[O-])cc([N+](=O)[O-])c4)C3)C2)c1,0.5246986121166689,0.4943128519195071,0,0.5955987192433797,0.3603996,0.07745159,0.8305052569700453,0.935404,0.87048435,0.43824902,0.7358453,0.21801905,0.9225484,0.9996136,0.76197475,0.8781122,-4.937958,6.0212284948913775,0.9522950022461045,0.2374957128393132,reinvent_pubchem,plain
182,169,56,NCCCC#Cc1cncc(N2CCC3(CN(C(=O)c4ccc5c(c4)OCO5)C3)C2)c1,0.5244725295951088,0.5042178641906011,0,0.5717334155389602,0.4932564,0.016216278,0.8079419191321446,0.9392346,0.70754844,0.59894145,0.22496367,0.06302986,0.9837837,0.99987954,0.7623065,0.91464216,-5.2865276,5.442375258869468,3.6109771573069493,0.5731948968784227,reinvent_pubchem,plain
183,177,147,O=C(c1cc([N+](=O)[O-])cc([N+](=O)[O-])c1)N1CC2(CCN(c3cncc(C#Cc4ccoc4)c3)C2)C1,0.5243021578052065,0.5095468872434261,0,0.5587311224493607,0.47443783,0.07171619,0.8583399689279736,0.668938,0.9860695,0.070640676,0.7962118,0.10595097,0.9282838,0.99979484,0.738863,0.8892809,-4.604977,6.071809280192623,0.8475995545675238,0.40531041547547075,reinvent_pubchem,plain
184,170,102,O=C(c1cc([N+](=O)[O-])cc([N+](=O)[O-])c1)N1CC2(CCN(c3cncc(C#Cc4ccc[nH]4)c3)C2)C1,0.5237435847845978,0.5047395975013197,0,0.5680862217789135,0.45851952,0.063750625,0.8327221614812883,0.7178217,0.9864,0.08393812,0.8012168,0.11802588,0.9362494,0.99972355,0.72887546,0.86078817,-4.749175,5.9306816277319285,1.173054992682967,0.3890968856442033,reinvent_pubchem,plain
185,160,164,O=C(c1cc([N+](=O)[O-])cc([N+](=O)[O-])c1)N1CC2(CCN(c3cncc(C#CCN4CCOCC4)c3)C2)C1,0.5236499077902554,0.501359158727915,0,0.5756616556023832,0.41067362,0.14247721,0.7884761773646107,0.80456656,0.93737876,0.22594146,0.84787655,0.13086857,0.8575228,0.99860704,0.7139889,0.8002554,-4.9658303,5.503627670088979,3.1359731087261316,0.31700572309941505,reinvent_pubchem,plain
186,156,124,O=C(NCC1(O)CCN(c2cncc(C#Cc3ccccc3)c2)C1)c1cc([N+](=O)[O-])cc([N+](=O)[O-])c1,0.5216968217278752,0.49752403594988087,0,0.5780999885431954,0.42262453,0.06257647,0.8155762502049979,0.76358664,0.9820711,0.099526264,0.8046133,0.2370801,0.9374235,0.9993984,0.7041904,0.8563617,-4.8270674,5.585229177065605,2.598787821722653,0.310604287048204,reinvent_pubchem,plain
187,174,57,Cn1cccc1C#Cc1cncc(N2CCC3(CN(C(=O)c4cc([N+](=O)[O-])cc([N+](=O)[O-])c4)C3)C2)c1,0.5212220335663563,0.5031915834327554,0,0.5632930838780918,0.45070064,0.05444193,0.8591216375312684,0.73602325,0.9828905,0.08377744,0.8306506,0.1131549,0.9455581,0.9998299,0.7414047,0.90622294,-4.6575565,6.107762555795457,0.7802565878921076,0.4311833645430377,reinvent_pubchem,plain
188,147,105,O=C(c1cc([N+](=O)[O-])cc([N+](=O)[O-])c1)N1CC(O)(CNc2cncc(C#Cc3ccccc3)c2)C1,0.5208759125026474,0.4940104473546698,0,0.5835619978479286,0.43498313,0.041476727,0.7762683712182917,0.79860914,0.98370236,0.1101015,0.7226637,0.2100077,0.9585233,0.99921167,0.6748654,0.78278947,-4.9086394,5.585229177065605,2.598787821722653,0.2945724544284033,reinvent_pubchem,plain
189,197,168,*C#CC#CC#CC#CC1CCC(n2nc(C3CC3)cc2C(N)=O)CC1,0.5204774611850883,0.5326339994521876,0,0.4921122052285234,0.683378,0.20124757,0.7343458291861864,0.25570646,0.7338406,0.0054696784,0.41674203,0.17135136,0.7987524,0.9974632,0.21133487,0.9160512,-4.1513734,4.936693537803068,11.569283468176746,0.6345256973175278,libinvent,curriculum_learning
190,191,176,CCCCCCC#Cc1cncc(N2CCC3(CC2)CN(C(=O)C(O)CO)C3)c1,0.5175701085639984,0.5106430421648833,0,0.533733263495267,0.55664426,0.066486835,0.8088598832695093,0.8277305,0.6608683,0.4375855,0.18680659,0.1037878,0.93351316,0.9977477,0.73063296,0.89720076,-5.1024313,5.2539778983501115,5.572141053541686,0.5509260040952134,nitro_bioisostere_campaign,mol2mol_similarity
191,199,120,Cn1nc(C(=O)N2CC3(CCN(c4cncc(C#Cc5ccccc5)c4)C3)C2)cc1[N+](=O)[O-],0.5096205248630096,0.5212326261995353,0,0.4825256217444497,0.4391449,0.4055087,0.8898904251271262,0.6087882,0.96683216,0.15016194,0.8823377,0.19615543,0.5944913,0.9986886,0.8591894,0.8926942,-4.6938677,5.5412607797544045,2.8756711489225864,0.6868929244057939,reinvent_pubchem,plain
192,194,110,O=[N+]([O-])c1ccc(C#Cc2cncc(N3CCC4(CNC4)C3)c2)cc1,0.5096132970792369,0.5086310037647754,0,0.5119053148129801,0.5010078,0.2581395,0.7620049257215007,0.7030312,0.7279046,0.26186886,0.7018465,0.10030995,0.7418605,0.98919535,0.7718676,0.6209601,-4.8352313,5.2569823795355,5.5337256053428145,0.571238414929965,reinvent_pubchem,plain
193,185,190,C#Cc1cncc(N2CCCC3(CN(C(=O)c4cc5c(cc4[N+](=O)[O-])OCO5)C3)C2)c1,0.5076781318246532,0.49173933167340184,0,0.5448686655109063,0.46049893,0.017230809,0.8589271908488287,0.90065897,0.9084815,0.35535967,0.43497872,0.09802647,0.9827692,0.999914,0.7591719,0.9154619,-4.749224,5.535947729858899,2.9110674627219133,0.3329032730230181,reinvent_pubchem,plain
194,166,50,O=C(c1cc([N+](=O)[O-])cc([N+](=O)[O-])c1)N1CN(c2cncc(C#Cc3ccccc3)c2)CC(CO)(CO)C1,0.5073381899365408,0.4792511009063518,0,0.572874731006982,0.4055683,0.037510395,0.7629255818418437,0.8050575,0.970582,0.14883378,0.7594269,0.28825843,0.9624896,0.99701834,0.691219,0.72739327,-4.9209013,5.567128413661042,2.709390391726743,0.40741728179294784,reinvent_pubchem,plain
195,193,183,CCCCCCC#Cc1cncc(N2CCC3(CC2)CN(C(=O)C(O)CN)C3)c1,0.5073150646931593,0.5011179175100404,0,0.5217750747871035,0.5684086,0.0394001,0.7887131103157619,0.87030506,0.58664525,0.44836897,0.17347053,0.07916719,0.9605999,0.99908113,0.71045715,0.91015226,-5.2898984,5.2539778983501115,5.572141053541686,0.5774333401698172,nitro_bioisostere_campaign,mol2mol_similarity
196,187,159,C#Cc1cncc(N2CCC3(CCN(C(=O)c4cc5c(cc4[N+](=O)[O-])OCO5)C3)C2)c1,0.5046821064971347,0.48817691903973165,0,0.5431942105644089,0.4482606,0.014264464,0.8635646873928049,0.89611465,0.88019484,0.3785874,0.5231251,0.08067485,0.98573554,0.9999679,0.7474044,0.934014,-4.717748,5.557465340311804,2.770350123345238,0.3434829400813463,reinvent_pubchem,plain
197,195,115,NS(=O)(=O)c1cc(C(=O)N2CC3(CCN(c4cncc(C#Cc5ccccc5)c4)C3)C2)cc([N+](=O)[O-])c1,0.5036708383136212,0.5010665900173016,0,0.5097474176717006,0.5437187,0.140818,0.7641858445920787,0.5796967,0.9778932,0.15910444,0.33272433,0.23198795,0.859182,0.99653757,0.8441455,0.648677,-5.188751,5.415734678196152,3.839417338568272,0.6467922125517414,reinvent_pubchem,plain
198,196,187,CCN(CC)C(O)c1cc(CCNC(=O)c2cnccn2)c(=O)n(Cc2cccc(F)c2)c1C,0.4826162740924992,0.477962302241599,0,0.49347554174459957,0.4969977,0.05642718,0.8212320163885027,0.95339596,0.78502786,0.5331162,0.049518008,0.19395316,0.9435728,0.9999285,0.8125056,0.8531539,-5.133078,5.4825197926037195,3.2921544927583515,0.5364379210759236,reinvent,plain
199,198,63,N#CCC#Cc1cncc(N2CCC3(CN(C(=O)c4cc5c(cc4[N+](=O)[O-])OCO5)C3)C2)c1,0.4710866378227895,0.46393360738176714,0,0.48777704218517487,0.4714344,0.025070548,0.8187650166665695,0.80276597,0.92409295,0.26271778,0.537933,0.115318336,0.97492945,0.999397,0.6718251,0.8627788,-4.7025976,5.604629278564708,2.485253656484128,0.6255227722923703,reinvent_pubchem,plain
200,200,177,O=C(O)Cc1sc(=NN=Cc2ccc(-c3ccc([N+](=O)[O-])cc3)o2)[nH]c1O,0.4317129216794951,0.44979424801831097,0,0.3895231602222582,0.46756816,0.38697493,0.6638036385526775,0.25311467,0.9902999,0.06223892,0.8283206,0.5281851,0.61302507,0.9487362,0.71673286,0.6387244,-5.479354,5.382323598931164,4.1464496969831215,0.8636703676802914,reinvent,reinforcement_learning
