rank,canonical_smiles,triage_score,pred_pIC50,pred_ic50_uM,pred_cLogP,pred_logS_ESOL,pred_MetStab_Clearance_Microsome_AZ,pred_MetStab_Clearance_Hepatocyte_AZ,pred_MetStab_Half_Life_Obach,scaffold_bucket,source_family,source_mode
1,C#CC#Cc1cncc(N2CCC3(CN(C(=O)c4cc([N+](=O)[O-])cc([N+](=O)[O-])c4)C3)C2)c1,0.729254019680977,6.071809286156616,0.8475995429277765,2.2352,-4.39589872880976,17.242805,6.723849,59.520752,O=C(c1ccccc1)N1CC2(CCN(c3cccnc3)C2)C1,reinvent_pubchem,plain
2,CNCCC#Cc1cncc(N2CCC3(CN(C(=O)c4cc([N+](=O)[O-])cc([N+](=O)[O-])c4)C3)C2)c1,0.7217284643905804,6.071809286156616,0.8475995429277765,2.2115,-4.580763051685589,13.561099,-3.9085078,26.609278,O=C(c1ccccc1)N1CC2(CCN(c3cccnc3)C2)C1,reinvent_pubchem,plain
3,CNCC#Cc1cncc(N2CCC3(CN(Cc4cc([N+](=O)[O-])cc([N+](=O)[O-])c4)C3)C2)c1,0.7197304322464547,6.071809286156616,0.8475995429277765,2.1812,-4.382437956746296,14.505023,-4.254146,30.117085,c1ccc(CN2CC3(CCN(c4cccnc4)C3)C2)cc1,reinvent_pubchem,plain
4,C[C@H](O)C#Cc1cncc(N2CCC3(CN(Cc4cc([N+](=O)[O-])cc([N+](=O)[O-])c4)C3)C2)c1,0.7179531602671696,6.071809286156616,0.8475995429277765,2.3426,-4.512103740837561,12.570406,-3.2887352,36.81881,c1ccc(CN2CC3(CCN(c4cccnc4)C3)C2)cc1,reinvent_pubchem,plain
5,CC(O)C#Cc1cncc(N2CCC3(CN(Cc4cc([N+](=O)[O-])cc([N+](=O)[O-])c4)C3)C2)c1,0.7174300706788682,6.071809286156616,0.8475995429277765,2.3426,-4.512103740837561,13.22334,-2.3125503,36.263588,c1ccc(CN2CC3(CCN(c4cccnc4)C3)C2)cc1,reinvent_pubchem,plain
6,COCC#Cc1cncc(N2CCC3(CN(C(=O)c4cc([N+](=O)[O-])cc([N+](=O)[O-])c4)C3)C2)c1,0.7165293849031809,6.071809286156616,0.8475995429277765,2.2484,-4.529876273451695,34.95135,15.838251,29.279804,O=C(c1ccccc1)N1CC2(CCN(c3cccnc3)C2)C1,reinvent_pubchem,plain
7,O=C(c1cc([N+](=O)[O-])cc([N+](=O)[O-])c1)N1CC2(CCN(c3cncc(C#Cc4cc[nH]n4)c3)C2)C1,0.7128834469759271,6.071809286156616,0.8475995429277765,2.3734,-4.823644186432861,21.381178,8.659559,62.201805,O=C(c1ccccc1)N1CC2(CCN(c3cncc(C#Cc4cc[nH]n4)c3)C2)C1,reinvent_pubchem,plain
8,O=C(c1cc([N+](=O)[O-])cc([N+](=O)[O-])c1)N1CC2(CCN(c3cncc(C#Cc4cnc[nH]4)c3)C2)C1,0.7120944389599663,6.071809286156616,0.8475995429277765,2.3734,-4.823644186432861,18.606976,4.6010237,50.698006,O=C(c1ccccc1)N1CC2(CCN(c3cncc(C#Cc4cnc[nH]4)c3)C2)C1,reinvent_pubchem,plain
9,O=C(c1cc([N+](=O)[O-])cc([N+](=O)[O-])c1)N1CC2(CCN(c3cncc(C#Cc4ncc[nH]4)c3)C2)C1,0.7116240436157756,6.071809286156616,0.8475995429277765,2.3734,-4.823644186432861,24.810795,7.596303,59.772633,O=C(c1ccccc1)N1CC2(CCN(c3cncc(C#Cc4ncc[nH]4)c3)C2)C1,reinvent_pubchem,plain
10,O=C(c1cc([N+](=O)[O-])cc([N+](=O)[O-])c1)N1CC2(CCN(c3cncc(C#Cc4cn[nH]c4)c3)C2)C1,0.7096074031876617,6.071809286156616,0.8475995429277765,2.3734,-4.823644186432861,24.21737,10.988835,53.15987,O=C(c1ccccc1)N1CC2(CCN(c3cncc(C#Cc4cn[nH]c4)c3)C2)C1,reinvent_pubchem,plain
11,O=C(c1cc([N+](=O)[O-])cc([N+](=O)[O-])c1)N1CC2(CCN(c3cncc(C#Cc4c[nH]cn4)c3)C2)C1,0.7094656411007787,6.071809286156616,0.8475995429277765,2.3734,-4.823644186432861,23.10831,10.707014,50.75359,O=C(c1ccccc1)N1CC2(CCN(c3cncc(C#Cc4c[nH]cn4)c3)C2)C1,reinvent_pubchem,plain
12,Cn1nccc1C#Cc1cncc(N2CCC3(CN(C(=O)c4cc([N+](=O)[O-])cc([N+](=O)[O-])c4)C3)C2)c1,0.7072917887704834,6.071809286156616,0.8475995429277765,2.383800000000001,-4.918379586724503,28.109217,10.170671,54.852386,O=C(c1ccccc1)N1CC2(CCN(c3cncc(C#Cc4ccn[nH]4)c3)C2)C1,reinvent_pubchem,plain
13,Cn1ccc(C#Cc2cncc(N3CCC4(CN(C(=O)c5cc([N+](=O)[O-])cc([N+](=O)[O-])c5)C4)C3)c2)n1,0.7069994454113377,6.071809286156616,0.8475995429277765,2.383800000000001,-4.918379586724503,28.09635,10.268901,53.582478,O=C(c1ccccc1)N1CC2(CCN(c3cncc(C#Cc4cc[nH]n4)c3)C2)C1,reinvent_pubchem,plain
14,Cn1ccnc1C#Cc1cncc(N2CCC3(CN(C(=O)c4cc([N+](=O)[O-])cc([N+](=O)[O-])c4)C3)C2)c1,0.7056292250610942,6.071809286156616,0.8475995429277765,2.3838,-4.918379586724503,31.63329,10.600968,52.22533,O=C(c1ccccc1)N1CC2(CCN(c3cncc(C#Cc4ncc[nH]4)c3)C2)C1,reinvent_pubchem,plain
15,O=C(c1cc([N+](=O)[O-])cc([N+](=O)[O-])c1)N1CC2(CCN(c3cncc(C#Cc4ccncn4)c3)C2)C1,0.7054119122121865,6.107762562070896,0.7802565766176098,2.4403000000000006,-4.958790806783569,25.37544,9.920959,51.996178,O=C(c1ccccc1)N1CC2(CCN(c3cncc(C#Cc4ccncn4)c3)C2)C1,reinvent_pubchem,plain
16,Cn1cc(C#Cc2cncc(N3CCC4(CN(C(=O)c5cc([N+](=O)[O-])cc([N+](=O)[O-])c5)C4)C3)c2)cn1,0.7052398245910054,6.071809286156616,0.8475995429277765,2.383800000000001,-4.918379586724503,30.577307,11.526679,49.991356,O=C(c1ccccc1)N1CC2(CCN(c3cncc(C#Cc4cn[nH]c4)c3)C2)C1,reinvent_pubchem,plain
17,O=C(c1cc([N+](=O)[O-])cc([N+](=O)[O-])c1)N1CC2(CCN(c3cncc(C#Cc4cncnc4)c3)C2)C1,0.7030519267977797,6.107762562070896,0.7802565766176098,2.4403000000000006,-4.958790806783569,23.456493,7.1529694,35.6727,O=C(c1ccccc1)N1CC2(CCN(c3cncc(C#Cc4cncnc4)c3)C2)C1,reinvent_pubchem,plain
18,O=C(c1cc([N+](=O)[O-])cc([N+](=O)[O-])c1)N1CC2(CCN(c3cncc(C#CC4(O)CC4)c3)C2)C1,0.699844927047166,5.981262417309989,1.0440891500477762,2.1269,-4.518094997362836,18.783606,-3.064185,35.642796,O=C(c1ccccc1)N1CC2(CCN(c3cncc(C#CC4CC4)c3)C2)C1,reinvent_pubchem,plain
19,O=C(c1cc([N+](=O)[O-])cc([N+](=O)[O-])c1)N1CC2(CCN(c3cncc(C#Cc4cccnn4)c3)C2)C1,0.6995698958683543,6.071809286156616,0.8475995429277765,2.4403000000000006,-4.958790806783569,24.067484,8.292989,44.24364,O=C(c1ccccc1)N1CC2(CCN(c3cncc(C#Cc4cccnn4)c3)C2)C1,reinvent_pubchem,plain
20,O=C(c1cc([N+](=O)[O-])cc([N+](=O)[O-])c1)N1CC2(CCN(c3cncc(C#Cc4cnccn4)c3)C2)C1,0.6988596699253518,6.071809286156616,0.8475995429277765,2.4403000000000006,-4.958790806783569,25.971325,11.125093,46.386604,O=C(c1ccccc1)N1CC2(CCN(c3cncc(C#Cc4cnccn4)c3)C2)C1,reinvent_pubchem,plain
21,O=C(c1cc([N+](=O)[O-])cc([N+](=O)[O-])c1)N1CC2(CCN(c3cncc(C#Cc4cccnc4)n3)C2)C1,0.6986499791461873,6.071809286156616,0.8475995429277765,2.4403000000000006,-4.958790806783569,27.272045,11.200174,47.20216,O=C(c1ccccc1)N1CC2(CCN(c3cncc(C#Cc4cccnc4)n3)C2)C1,reinvent_pubchem,plain
22,O=C(c1cc([N+](=O)[O-])cc([N+](=O)[O-])c1)N1CC2(CCN(c3cncc(C#Cc4ncccn4)c3)C2)C1,0.6983658498100169,6.071809286156616,0.8475995429277765,2.4403000000000006,-4.958790806783569,28.28857,12.648546,48.72094,O=C(c1ccccc1)N1CC2(CCN(c3cncc(C#Cc4ncccn4)c3)C2)C1,reinvent_pubchem,plain
23,O=C(c1cc([N+](=O)[O-])cc([N+](=O)[O-])c1)N1CC2(CCN(c3cncc(C#Cc4ccnnc4)c3)C2)C1,0.6983248200198365,6.071809286156616,0.8475995429277765,2.4403000000000006,-4.958790806783569,27.41393,10.557432,45.216496,O=C(c1ccccc1)N1CC2(CCN(c3cncc(C#Cc4ccnnc4)c3)C2)C1,reinvent_pubchem,plain
24,O=C(c1cc([N+](=O)[O-])cc([N+](=O)[O-])c1)N1CC2(CCN(c3cncc(C#Cc4ccc[n+]([O-])c4)c3)C2)C1,0.6971114266634053,5.945309141395709,1.134203174797531,2.2837000000000005,-4.936165576614346,27.896603,11.307947,33.30883,O=C(c1ccccc1)N1CC2(CCN(c3cncc(C#Cc4ccc[nH+]c4)c3)C2)C1,reinvent_pubchem,plain
25,O=C(c1cc([N+](=O)[O-])cc([N+](=O)[O-])c1)N1CC2(CCN(c3cncc(C#Cc4ncco4)c3)C2)C1,0.6802355466163131,6.071809286156616,0.8475995429277765,2.638300000000001,-5.0266216790254505,22.0144,6.562314,61.959816,O=C(c1ccccc1)N1CC2(CCN(c3cncc(C#Cc4ncco4)c3)C2)C1,reinvent_pubchem,plain
26,O=[N+]([O-])c1cc(CN2CC3(CCN(c4cncc(C#CCN5CCOCC5)c4)C3)C2)cc([N+](=O)[O-])c1,0.6786597023152867,5.811767917589469,1.5425245416545272,2.2940000000000005,-4.819139264348533,32.227062,14.622709,44.126595,C(#Cc1cncc(N2CCC3(CN(Cc4ccccc4)C3)C2)c1)CN1CCOCC1,reinvent_pubchem,plain
27,O=C(c1cc([N+](=O)[O-])cc([N+](=O)[O-])c1)N1CC2(CCN(c3cncc(C#CCN4CCC4)c3)C2)C1,0.6771004001955166,5.811767917589469,1.5425245416545272,2.3077000000000005,-4.730704698247877,32.74064,10.670539,38.888657,O=C(c1ccccc1)N1CC2(CCN(c3cncc(C#CCN4CCC4)c3)C2)C1,reinvent_pubchem,plain
28,O=C(c1cc([N+](=O)[O-])cc([N+](=O)[O-])c1)N1CC2(CCN(c3cncc(C#Cc4cnco4)c3)C2)C1,0.676170194804486,6.071809286156616,0.8475995429277765,2.638300000000001,-5.0266216790254505,22.96904,9.878341,47.808937,O=C(c1ccccc1)N1CC2(CCN(c3cncc(C#Cc4cnco4)c3)C2)C1,reinvent_pubchem,plain
29,O=C(c1cc([N+](=O)[O-])cc([N+](=O)[O-])c1)N1CC2(C1)CN(c1cncc(C#Cc3ccncc3)c1)C2,0.6754169597297602,6.071809286156616,0.8475995429277765,2.6552000000000007,-5.024958322182208,25.4436,11.175978,58.27005,O=C(c1ccccc1)N1CC2(C1)CN(c1cncc(C#Cc3ccncc3)c1)C2,reinvent_pubchem,plain
30,O=[N+]([O-])c1cc(CN2CC3(CCN(c4cncc(C#CC5(O)CC5)c4)C3)C2)cc([N+](=O)[O-])c1,0.6742628290343611,5.884273098863666,1.305349782483714,2.486700000000001,-4.693574595520467,16.086246,-1.4047344,44.132267,C(#CC1CC1)c1cncc(N2CCC3(CN(Cc4ccccc4)C3)C2)c1,reinvent_pubchem,plain
31,O=C(c1cc([N+](=O)[O-])cc([N+](=O)[O-])c1)N1CC2(C1)CN(c1cncc(C#Cc3cccnc3)c1)C2,0.6727717849891971,6.071809286156616,0.8475995429277765,2.6552000000000007,-5.024958322182208,26.726923,12.611603,49.185448,O=C(c1ccccc1)N1CC2(C1)CN(c1cncc(C#Cc3cccnc3)c1)C2,reinvent_pubchem,plain
32,O=C(c1cc([N+](=O)[O-])cc([N+](=O)[O-])c1)N1CC2(C1)CN(c1cncc(C#Cc3ccccn3)c1)C2,0.6725802949845497,6.071809286156616,0.8475995429277765,2.6552000000000007,-5.024958322182208,31.316748,16.522306,58.378925,O=C(c1ccccc1)N1CC2(C1)CN(c1cncc(C#Cc3ccccn3)c1)C2,reinvent_pubchem,plain
33,COc1ncc(C#Cc2cncc(N3CCC4(CN(C(=O)c5cc([N+](=O)[O-])cc([N+](=O)[O-])c5)C4)C3)c2)cn1,0.6721850096936633,5.894728355826352,1.2742998857629848,2.4489,-5.1490890981538335,29.562872,11.985018,49.854195,O=C(c1ccccc1)N1CC2(CCN(c3cncc(C#Cc4cncnc4)c3)C2)C1,reinvent_pubchem,plain
34,CC#Cc1cncc(N2CC3(CCN(C(=O)c4cc([N+](=O)[O-])cc([N+](=O)[O-])c4)C3)C2)c1,0.670643765215594,6.071809286156616,0.8475995429277765,2.621900000000001,-4.621754498563735,38.683044,19.542736,33.60213,O=C(c1ccccc1)N1CCC2(C1)CN(c1cccnc1)C2,reinvent_pubchem,plain
35,C#Cc1cncc(N2CCC3(CCN(C(=O)c4cc([N+](=O)[O-])cc([N+](=O)[O-])c4)C3)C2)c1,0.6703008385476493,6.071809286156616,0.8475995429277765,2.621900000000001,-4.621754498563735,35.18723,17.345703,25.144112,O=C(c1ccccc1)N1CCC2(CCN(c3cccnc3)C2)C1,reinvent_pubchem,plain
36,COCC#Cc1cncc(N2CCC3(CCN(C(=O)c4cc([N+](=O)[O-])cc([N+](=O)[O-])c4)C3)C2)c1,0.6697708918535789,6.071809286156616,0.8475995429277765,2.6385000000000005,-4.907417437518596,34.80134,13.143094,34.21292,O=C(c1ccccc1)N1CCC2(CCN(c3cccnc3)C2)C1,reinvent_pubchem,plain
37,Cn1cc(C#Cc2cncc(N3CCC4(CN(Cc5cc([N+](=O)[O-])cc([N+](=O)[O-])c5)C4)C3)c2)cn1,0.6686740857607955,6.107762562070896,0.7802565766176098,2.7436000000000007,-5.095051348953554,27.897776,12.72198,60.03829,C(#Cc1cncc(N2CCC3(CN(Cc4ccccc4)C3)C2)c1)c1cn[nH]c1,reinvent_pubchem,plain
38,C#Cc1cncc(N2CC3(CCN(C(=O)c4cc([N+](=O)[O-])cc([N+](=O)[O-])c4)C3)C2)c1,0.6652233277842768,5.711729325194095,1.9420959151972947,2.2318,-4.245154507444304,33.632736,17.31167,21.00474,O=C(c1ccccc1)N1CCC2(C1)CN(c1cccnc1)C2,reinvent_pubchem,plain
39,O=C(c1cc([N+](=O)[O-])cc([N+](=O)[O-])c1)N1CC2(CCN(c3n[nH]c(C#Cc4ccccc4)n3)C2)C1,0.6621450323279084,5.711729325194095,1.9420959151972943,2.3734,-4.823644186432861,23.827469,2.6353111,51.64083,O=C(c1ccccc1)N1CC2(CCN(c3n[nH]c(C#Cc4ccccc4)n3)C2)C1,reinvent_pubchem,plain
40,CC(=O)N1CC2(CCN(c3cncc(C#Cc4cc([N+](=O)[O-])cc([N+](=O)[O-])c4)c3)C2)C1,0.6620885551217048,5.711729325194095,1.9420959151972947,2.3564000000000007,-4.428291609783185,25.964087,21.561487,54.42934,C(#Cc1cncc(N2CCC3(CNC3)C2)c1)c1ccccc1,reinvent_pubchem,plain
41,C#Cc1cncc(N2CCCC3(CN(C(=O)c4cc([N+](=O)[O-])cc([N+](=O)[O-])c4)C3)C2)c1,0.6587805759780454,6.021228500587259,0.952294989756517,2.621900000000001,-4.621754498563735,42.004963,25.005917,20.618923,O=C(c1ccccc1)N1CC2(CCCN(c3cccnc3)C2)C1,reinvent_pubchem,plain
42,COCC#Cc1cncc(N2CCCC3(CN(C(=O)c4cc([N+](=O)[O-])cc([N+](=O)[O-])c4)C3)C2)c1,0.6586356007794663,6.021228500587259,0.952294989756517,2.6385000000000005,-4.907417437518596,40.767914,19.989595,29.510601,O=C(c1ccccc1)N1CC2(CCCN(c3cccnc3)C2)C1,reinvent_pubchem,plain
43,CC#Cc1cncc(N2CC3(CN(Cc4cc([N+](=O)[O-])cc([N+](=O)[O-])c4)C3)C2)c1,0.6527481275614099,5.905477385704752,1.2431473665074075,2.591600000000001,-4.421954587474357,38.83144,25.854633,40.67875,c1ccc(CN2CC3(C2)CN(c2cccnc2)C3)cc1,reinvent_pubchem,plain
44,O=C(O)N1CC2(CCN(c3cncc(C#Cc4cc([N+](=O)[O-])cc([N+](=O)[O-])c4)c3)C2)C1,0.6512246274238312,5.711729325194095,1.9420959151972947,2.4879000000000007,-4.538864315290077,8.167927,-0.25431213,34.004475,C(#Cc1cncc(N2CCC3(CNC3)C2)c1)c1ccccc1,reinvent_pubchem,plain
45,O=C(c1cc([N+](=O)[O-])cc([N+](=O)[O-])c1)N1CC2(CCN(c3cnnc(C#Cc4ccccc4)n3)C2)C1,0.6503045687291364,5.711729325194095,1.9420959151972943,2.4403000000000006,-4.958790806783569,28.032166,9.827078,50.329037,O=C(c1ccccc1)N1CC2(CCN(c3cnnc(C#Cc4ccccc4)n3)C2)C1,reinvent_pubchem,plain
46,O=C(c1cc([N+](=O)[O-])cc([N+](=O)[O-])c1)N1CC2(CCN(c3nncc(C#Cc4ccccc4)n3)C2)C1,0.6484500042105019,5.711729325194095,1.9420959151972943,2.4403000000000006,-4.958790806783569,32.13465,11.691302,49.056915,O=C(c1ccccc1)N1CC2(CCN(c3nncc(C#Cc4ccccc4)n3)C2)C1,reinvent_pubchem,plain
47,O=C(c1cc([N+](=O)[O-])cc([N+](=O)[O-])c1)N1CC2(CCN(c3ncnc(C#Cc4ccccc4)n3)C2)C1,0.6481662741646409,5.711729325194095,1.9420959151972943,2.4403000000000006,-4.958790806783569,34.12383,15.870913,54.68336,O=C(c1ccccc1)N1CC2(CCN(c3ncnc(C#Cc4ccccc4)n3)C2)C1,reinvent_pubchem,plain
48,Nc1cc(C#Cc2cncc(N3CCC4(CN(C(=O)c5cc([N+](=O)[O-])cc([N+](=O)[O-])c5)C4)C3)c2)ccn1,0.6474095927498053,5.825037426707928,1.4961067187849777,2.6275000000000004,-5.184645018811663,26.036505,6.0530705,68.5216,O=C(c1ccccc1)N1CC2(CCN(c3cncc(C#Cc4ccncc4)c3)C2)C1,reinvent_pubchem,plain
49,CCCC#Cc1cncc(N2CCC3(CN(C(=O)c4cc([N+](=O)[O-])cc([N+](=O)[O-])c4)C3)C2)n1,0.6459370709408394,6.071809286156616,0.8475995429277765,2.7971000000000013,-4.930324708483663,44.672066,23.424362,36.151726,O=C(c1ccccc1)N1CC2(CCN(c3cnccn3)C2)C1,reinvent_pubchem,plain
50,O=C(c1cc([N+](=O)[O-])cc([N+](=O)[O-])c1)N1CN(c2cncc(C#Cc3ccccc3)c2)CC(CO)(CO)C1,0.6449636403235279,5.567128416887891,2.7093903715957115,2.1887,-4.965961126353793,31.133587,20.206564,60.23822,O=C(c1ccccc1)N1CCCN(c2cncc(C#Cc3ccccc3)c2)C1,reinvent_pubchem,plain
51,O=C(C1=CC([N+](=O)[O-])C=C([N+](=O)[O-])C1)N1CC2(CCN(c3cncc(C#Cc4ccccc4)c3)C2)C1,0.6428652442213441,5.884273098863666,1.305349782483714,2.656100000000001,-5.048067200354162,39.079304,10.574308,44.332314,O=C(C1=CCC=CC1)N1CC2(CCN(c3cncc(C#Cc4ccccc4)c3)C2)C1,reinvent_pubchem,plain
52,Cc1ncc(C#Cc2cncc(N3CCC4(CN(C(=O)c5cc([N+](=O)[O-])cc([N+](=O)[O-])c5)C4)C3)c2)cn1,0.6424854118877504,5.930681631740632,1.1730549818552225,2.7487200000000014,-5.274550735314428,20.189926,2.707068,37.443817,O=C(c1ccccc1)N1CC2(CCN(c3cncc(C#Cc4cncnc4)c3)C2)C1,reinvent_pubchem,plain
53,Cc1cc(C#Cc2cncc(N3CCC4(CN(C(=O)c5cc([N+](=O)[O-])cc([N+](=O)[O-])c5)C4)C3)c2)no1,0.6408595081612982,6.071809286156616,0.8475995429277765,2.946720000000001,-5.342390750593727,27.0139,7.9566054,66.91725,O=C(c1ccccc1)N1CC2(CCN(c3cncc(C#Cc4ccon4)c3)C2)C1,reinvent_pubchem,plain
54,O=C(C1=CC([N+](=O)[O-])CC([N+](=O)[O-])=C1)N1CC2(CCN(c3cncc(C#Cc4ccccc4)c3)C2)C1,0.6408594881775596,5.884273098863666,1.305349782483714,2.656100000000001,-5.048067200354162,41.745216,15.211105,43.341785,O=C(C1=CCCC=C1)N1CC2(CCN(c3cncc(C#Cc4ccccc4)c3)C2)C1,reinvent_pubchem,plain
55,O=C(O)c1cc(C#Cc2cncc(N3CCC4(CN(C(=O)c5cc([N+](=O)[O-])cc([N+](=O)[O-])c5)C4)C3)c2)ccn1,0.639787447670463,5.872803960121513,1.3402815519827909,2.743500000000001,-5.448356571023385,8.055021,-5.6300125,38.390522,O=C(c1ccccc1)N1CC2(CCN(c3cncc(C#Cc4ccncc4)c3)C2)C1,reinvent_pubchem,plain
56,NCCCC#Cc1cncc(N2CCC3(CN(C(=O)c4ccc5c(c4)OCO5)C3)C2)c1,0.6370529950042162,5.442375260744797,3.610977141714381,2.2532000000000005,-4.32901322433505,4.463174,13.949081,12.643181,O=C(c1ccc2c(c1)OCO2)N1CC2(CCN(c3cccnc3)C2)C1,reinvent_pubchem,plain
57,Cn1cccc1C#Cc1cncc(N2CCC3(CN(C(=O)c4cc([N+](=O)[O-])cc([N+](=O)[O-])c4)C3)C2)c1,0.6368136809733419,6.107762562070896,0.7802565766176098,2.988800000000001,-5.360557809734167,34.32096,16.097897,67.33203,O=C(c1ccccc1)N1CC2(CCN(c3cncc(C#Cc4ccc[nH]4)c3)C2)C1,reinvent_pubchem,plain
58,O=[N+]([O-])c1cc(CN2CC3(CCN(c4cncc(C#CCN5CCC5)c4)C3)C2)cc([N+](=O)[O-])c1,0.6358677443236755,5.811767917589469,1.5425245416545272,2.6675000000000004,-4.905923793178975,29.310095,11.634656,48.76995,C(#Cc1cncc(N2CCC3(CN(Cc4ccccc4)C3)C2)c1)CN1CCC1,reinvent_pubchem,plain
59,O=C(c1cc([N+](=O)[O-])cc([N+](=O)[O-])c1)N1CC2(CCN(c3ccnc(C#Cc4cccnc4)c3)C2)C1,0.6342618604065912,6.107762562070896,0.7802565766176098,3.045300000000002,-5.400969029793234,23.224659,7.755104,64.71625,O=C(c1ccccc1)N1CC2(CCN(c3ccnc(C#Cc4cccnc4)c3)C2)C1,reinvent_pubchem,plain
60,O=C(c1cc([N+](=O)[O-])cc([N+](=O)[O-])c1)N1CC2(CCN(c3cncc(C#CC4CC4)c3)C2)C1,0.6341632213086066,6.107762562070896,0.7802565766176098,3.0120000000000013,-5.073293876546985,27.392435,11.2243595,46.607807,O=C(c1ccccc1)N1CC2(CCN(c3cncc(C#CC4CC4)c3)C2)C1,reinvent_pubchem,plain
61,O=C(c1cc([N+](=O)[O-])cc([N+](=O)[O-])c1)N1CC2(CCN(c3cc(C#Cc4ccncc4)ccn3)C2)C1,0.6338717771339194,6.107762562070896,0.7802565766176098,3.045300000000001,-5.400969029793233,28.812952,9.666198,72.231674,O=C(c1ccccc1)N1CC2(CCN(c3cc(C#Cc4ccncc4)ccn3)C2)C1,reinvent_pubchem,plain
62,O=C(c1cc([N+](=O)[O-])cc([N+](=O)[O-])c1)N1CCC2(C1)CN(c1cncc(C#Cc3ccncc3)c1)C2,0.6329356075055228,6.107762562070896,0.7802565766176098,3.045300000000002,-5.400969029793234,24.376415,9.171752,61.55083,O=C(c1ccccc1)N1CCC2(C1)CN(c1cncc(C#Cc3ccncc3)c1)C2,reinvent_pubchem,plain
63,N#CCC#Cc1cncc(N2CCC3(CN(C(=O)c4cc5c(cc4[N+](=O)[O-])OCO5)C3)C2)c1,0.6327143436131407,5.60462928107264,2.485253642132468,2.33618,-4.562173739937799,43.60791,32.340233,12.457064,O=C(c1ccc2c(c1)OCO2)N1CC2(CCN(c3cccnc3)C2)C1,reinvent_pubchem,plain
64,O=C(c1cc([N+](=O)[O-])cc([N+](=O)[O-])c1)N1CC2(CCN(c3ccc(C#Cc4ccncc4)cn3)C2)C1,0.6325438453584389,6.107762562070896,0.7802565766176098,3.045300000000001,-5.400969029793233,29.183338,10.150136,67.06596,O=C(c1ccccc1)N1CC2(CCN(c3ccc(C#Cc4ccncc4)cn3)C2)C1,reinvent_pubchem,plain
65,O=C(c1cc([N+](=O)[O-])cc([N+](=O)[O-])c1)N1CC2(CCN(c3ccc(C#Cc4cccnc4)nc3)C2)C1,0.6323386194743018,6.107762562070896,0.7802565766176098,3.045300000000001,-5.400969029793233,25.443869,10.212102,61.264393,O=C(c1ccccc1)N1CC2(CCN(c3ccc(C#Cc4cccnc4)nc3)C2)C1,reinvent_pubchem,plain
66,NS(=O)(=O)c1cccc(C#Cc2cncc(N3CCC4(CN(C(=O)c5cc([N+](=O)[O-])cc([N+](=O)[O-])c5)C4)C3)c2)c1,0.6321375676372293,5.424932306495271,3.758959906510885,2.2977000000000007,-5.338221106997359,33.11712,3.7708702,78.02326,O=C(c1ccccc1)N1CC2(CCN(c3cncc(C#Cc4ccccc4)c3)C2)C1,reinvent_pubchem,plain
67,O=C(c1cc([N+](=O)[O-])cc([N+](=O)[O-])c1)N1CC2(CCN(c3cncc(C#Cc4ccncc4)c3)C2)C1,0.6320461298608068,6.107762562070896,0.7802565766176098,3.045300000000001,-5.400969029793233,25.803196,11.004225,61.201317,O=C(c1ccccc1)N1CC2(CCN(c3cncc(C#Cc4ccncc4)c3)C2)C1,reinvent_pubchem,curriculum_learning
68,O=C(c1cc([N+](=O)[O-])cc([N+](=O)[O-])c1)N1CC2(CCN(c3cc(C#Cc4ccccn4)ccn3)C2)C1,0.6314618707346175,6.107762562070896,0.7802565766176098,3.045300000000001,-5.400969029793233,34.093903,14.5784855,73.090454,O=C(c1ccccc1)N1CC2(CCN(c3cc(C#Cc4ccccn4)ccn3)C2)C1,reinvent_pubchem,plain
69,O=C(c1cc([N+](=O)[O-])cc([N+](=O)[O-])c1)N1CC2(CCN(c3cc(C#Cc4cccnc4)ccn3)C2)C1,0.6309921967309273,6.107762562070896,0.7802565766176098,3.045300000000001,-5.400969029793233,30.02677,11.489981,62.371346,O=C(c1ccccc1)N1CC2(CCN(c3cc(C#Cc4cccnc4)ccn3)C2)C1,reinvent_pubchem,plain
70,O=C(c1cc([N+](=O)[O-])cc([N+](=O)[O-])c1)N1CC2(CCN(c3nc(C#Cc4ccccc4)no3)C2)C1,0.6304901541921751,5.711729325194095,1.9420959151972943,2.638300000000001,-5.0266216790254505,24.47358,7.297696,63.015137,O=C(c1ccccc1)N1CC2(CCN(c3nc(C#Cc4ccccc4)no3)C2)C1,reinvent_pubchem,plain
71,O=C(c1cc([N+](=O)[O-])cc([N+](=O)[O-])c1)N1CCC2(C1)CN(c1cncc(C#Cc3ccccn3)c1)C2,0.6304148257115578,6.107762562070896,0.7802565766176098,3.045300000000002,-5.400969029793234,29.581715,13.997025,61.706318,O=C(c1ccccc1)N1CCC2(C1)CN(c1cncc(C#Cc3ccccn3)c1)C2,reinvent_pubchem,plain
72,O=C(c1cc([N+](=O)[O-])cc([N+](=O)[O-])c1)N1CCC2(C1)CN(c1cncc(C#Cc3cccnc3)c1)C2,0.6301910795501842,6.107762562070896,0.7802565766176098,3.045300000000002,-5.400969029793234,25.796947,10.601155,52.179726,O=C(c1ccccc1)N1CCC2(C1)CN(c1cncc(C#Cc3cccnc3)c1)C2,reinvent_pubchem,plain
73,CC(C)(O)C#Cc1cncc(N2CCC3(CN(C(=O)c4ccc5c(c4)OCO5)C3)C2)c1,0.6297974569482703,5.442375260744797,3.610977141714382,2.285200000000001,-4.36615794455936,13.366763,19.118969,14.799749,O=C(c1ccc2c(c1)OCO2)N1CC2(CCN(c3cccnc3)C2)C1,reinvent_pubchem,plain
74,O=C(c1cc([N+](=O)[O-])cc([N+](=O)[O-])c1)N1CC2(CCN(c3ccc(C#Cc4ccccn4)cn3)C2)C1,0.6296810610411167,6.107762562070896,0.7802565766176098,3.045300000000001,-5.400969029793233,35.29532,15.659002,67.53596,O=C(c1ccccc1)N1CC2(CCN(c3ccc(C#Cc4ccccn4)cn3)C2)C1,reinvent_pubchem,plain
75,O=C(c1cc([N+](=O)[O-])cc([N+](=O)[O-])c1)N1CC2(CCN(c3ccc(C#Cc4cccnc4)cn3)C2)C1,0.6296300700588556,6.107762562070896,0.7802565766176098,3.045300000000001,-5.400969029793233,30.593884,12.199817,57.53959,O=C(c1ccccc1)N1CC2(CCN(c3ccc(C#Cc4cccnc4)cn3)C2)C1,reinvent_pubchem,plain
76,O=C(c1cc([N+](=O)[O-])cc([N+](=O)[O-])c1)N1CC2(CCN(c3cncc(C#Cc4ccccn4)c3)C2)C1,0.629416163510517,6.107762562070896,0.7802565766176098,3.045300000000001,-5.400969029793233,31.19405,15.936048,61.20503,O=C(c1ccccc1)N1CC2(CCN(c3cncc(C#Cc4ccccn4)c3)C2)C1,reinvent_pubchem,curriculum_learning
77,O=C(c1cc([N+](=O)[O-])cc([N+](=O)[O-])c1)N1CC2(CCN(c3cncc(C#CCN4CCCC4)c3)C2)C1,0.6293521903888268,5.811767917589469,1.5425245416545272,2.697800000000001,-5.108745160165633,33.088398,6.5715637,40.228374,O=C(c1ccccc1)N1CC2(CCN(c3cncc(C#CCN4CCCC4)c3)C2)C1,reinvent_pubchem,plain
78,O=C(c1cc([N+](=O)[O-])cc([N+](=O)[O-])c1)N1CC2(CCN(c3cncc(C#Cc4cccnc4)c3)C2)C1,0.6293135734557532,6.107762562070896,0.7802565766176098,3.045300000000002,-5.400969029793234,27.12641,12.452687,51.777515,O=C(c1ccccc1)N1CC2(CCN(c3cncc(C#Cc4cccnc4)c3)C2)C1,reinvent_pubchem,plain
79,O=C(c1cc([N+](=O)[O-])cc([N+](=O)[O-])c1)N1CC2(CCN(c3noc(C#Cc4ccccc4)n3)C2)C1,0.6283187242280363,5.711729325194095,1.9420959151972943,2.638300000000001,-5.0266216790254505,27.624207,10.516747,60.426247,O=C(c1ccccc1)N1CC2(CCN(c3noc(C#Cc4ccccc4)n3)C2)C1,reinvent_pubchem,plain
80,Cn1cc(C(=O)N2CC3(CCN(c4cncc(C#Cc5ccccc5)c4)C3)C2)cc([N+](=O)[O-])c1=O,0.627312438034709,5.5412607821662,2.8756711329529367,2.4408000000000003,-4.863151465139746,18.075012,16.022114,42.73551,O=C(c1ccc(=O)[nH]c1)N1CC2(CCN(c3cncc(C#Cc4ccccc4)c3)C2)C1,reinvent_pubchem,plain
81,O=C(c1cc([N+](=O)[O-])c[n+]([O-])c1)N1CC2(CCN(c3cncc(C#Cc4ccccc4)c3)C2)C1,0.6271522926734502,5.5412607821662,2.8756711329529376,2.3755000000000006,-4.728394649185527,29.203297,34.550995,36.115982,O=C(c1ccc[nH+]c1)N1CC2(CCN(c3cncc(C#Cc4ccccc4)c3)C2)C1,reinvent_pubchem,plain
82,O=C(C1CCN(c2cncc(C#Cc3ccccc3)c2)C1)N1CCC2(CNC2)C1,0.6269427217478181,5.394846104919416,4.028597650189412,2.1296,-4.04399359771196,-3.9903514,5.649484,34.165688,O=C(C1CCN(c2cncc(C#Cc3ccccc3)c2)C1)N1CCC2(CNC2)C1,reinvent_pubchem,plain
83,O=C(c1cc([N+](=O)[O-])cc([N+](=O)[O-])c1)N1CC2(C1)CN(c1cccc(C#Cc3cncnc3)c1)C2,0.6262657275404371,5.711729325194095,1.9420959151972943,2.6552000000000007,-5.024958322182208,21.785458,8.526305,50.53443,O=C(c1ccccc1)N1CC2(C1)CN(c1cccc(C#Cc3cncnc3)c1)C2,reinvent_pubchem,plain
84,O=C(c1cccnc1)N1CC2(CCN(c3cncc(C#Cc4cc([N+](=O)[O-])cc([N+](=O)[O-])c4)c3)C2)C1,0.6260786317453587,6.071809286156616,0.8475995429277765,3.045300000000001,-5.400969029793233,27.021877,14.342374,61.32912,O=C(c1cccnc1)N1CC2(CCN(c3cncc(C#Cc4ccccc4)c3)C2)C1,reinvent_pubchem,plain
85,O=C(c1cc([N+](=O)[O-])cc([N+](=O)[O-])c1)N1CC2(C1)CN(c1cc(C#Cc3ccccc3)ncn1)C2,0.6245249241943244,5.711729325194095,1.9420959151972943,2.6552000000000007,-5.024958322182208,37.197083,15.159395,69.58977,O=C(c1ccccc1)N1CC2(C1)CN(c1cc(C#Cc3ccccc3)ncn1)C2,reinvent_pubchem,plain
86,O=C(c1cc([N+](=O)[O-])cc([N+](=O)[O-])c1)N1CC2(CN(c3cncc(C#Cc4ccccc4)c3)C2)C(O)C1O,0.6239665458263031,5.563304784728349,2.73334980790521,1.9394999999999996,-4.774705476858241,20.336914,5.109298,69.32125,O=C(c1ccccc1)N1CCC2(C1)CN(c1cncc(C#Cc3ccccc3)c1)C2,reinvent_pubchem,plain
87,CCCC[n+]1cncc(N2CCC3(CN(C(=O)c4ccc5c(c4)OCO5)C3)C2)c1,0.6235899668917844,5.442375260744797,3.610977141714381,2.2504,-4.182652315265285,33.46155,27.693085,-2.6239076,O=C(c1ccc2c(c1)OCO2)N1CC2(CCN(c3cnc[nH+]c3)C2)C1,nitro_bioisostere_campaign,mol2mol_scaffold
88,O=C(c1cc([N+](=O)[O-])cc([N+](=O)[O-])c1)N1CC2(CCN(c3cncc(C#Cc4nccs4)c3)C2)C1,0.6233523263132938,6.107762562070896,0.7802565766176098,3.1068000000000016,-5.480367826243653,27.642078,13.074755,61.661358,O=C(c1ccccc1)N1CC2(CCN(c3cncc(C#Cc4nccs4)c3)C2)C1,reinvent_pubchem,plain
89,CCC#Cc1cncc(N2CC3(CCN(C(=O)c4cc([N+](=O)[O-])cc([N+](=O)[O-])c4)C3)C2)c1,0.6229057289538661,6.071809286156616,0.8475995429277765,3.0120000000000013,-4.998698238396402,38.116,19.24181,37.691093,O=C(c1ccccc1)N1CCC2(C1)CN(c1cccnc1)C2,reinvent_pubchem,plain
90,CC(C)(C)COC(=O)N1CC2(CCN(c3cncc(C#CC4(O)CCNCC4)c3)C2)C1,0.6227457635068004,5.373630951589079,4.230279360648028,2.2424,-4.298740912421404,23.530123,10.604259,13.078113,C(#CC1CCNCC1)c1cncc(N2CCC3(CNC3)C2)c1,nitro_bioisostere_campaign,mol2mol_similarity
91,O=C(c1ncc([N+](=O)[O-])cc1[N+](=O)[O-])N1CC2(CCN(c3cncc(C#Cc4ccccc4)c3)C2)C1,0.6227319779072915,6.107762562070896,0.7802565766176098,3.045300000000001,-5.400969029793233,38.98252,25.96886,50.853783,O=C(c1ccccn1)N1CC2(CCN(c3cncc(C#Cc4ccccc4)c3)C2)C1,reinvent_pubchem,plain
92,O=C(c1cc([N+](=O)[O-])cc([N+](=O)[O-])c1)N1CC2(CCN(c3cncc(C#Cc4cscn4)c3)C2)C1,0.6225323720612086,6.107762562070896,0.7802565766176098,3.1068000000000016,-5.480367826243653,27.83482,13.308522,58.357098,O=C(c1ccccc1)N1CC2(CCN(c3cncc(C#Cc4cscn4)c3)C2)C1,reinvent_pubchem,plain
93,O=C(c1cc([N+](=O)[O-])cc([N+](=O)[O-])c1)N1CC2(C1)CN(c1cncc(C#Cc3ccccc3)n1)C2,0.6224965958353211,5.711729325194095,1.9420959151972943,2.6552000000000007,-5.024958322182208,35.402195,17.518208,60.273643,O=C(c1ccccc1)N1CC2(C1)CN(c1cncc(C#Cc3ccccc3)n1)C2,reinvent_pubchem,plain
94,CC#Cc1cncc(N2CCC3(CCN(C(=O)c4cc([N+](=O)[O-])cc([N+](=O)[O-])c4)C3)C2)c1,0.6223412105332897,6.071809286156616,0.8475995429277765,3.0120000000000013,-4.998698238396402,40.23469,19.33555,37.956776,O=C(c1ccccc1)N1CCC2(CCN(c3cccnc3)C2)C1,reinvent_pubchem,plain
95,O=C(c1ccc2c(c1)OCO2)N1CC2(CCN(c3cncc(C#CCN4CCC4)c3)C2)C1,0.6218884371045234,5.442375260744797,3.610977141714382,2.22,-4.382124334003657,36.25431,37.150208,24.405628,O=C(c1ccc2c(c1)OCO2)N1CC2(CCN(c3cncc(C#CCN4CCC4)c3)C2)C1,reinvent_pubchem,plain
96,O=C(CS(=O)(=O)c1cc([N+](=O)[O-])cc([N+](=O)[O-])c1)N1CC2(CCN(c3cncc(C#Cc4ccccc4)c3)C2)C1,0.6216724281867664,5.820965543372072,1.510199967646335,2.8104000000000013,-5.708491278640001,27.309284,10.06605,72.47833,O=C(CS(=O)(=O)c1ccccc1)N1CC2(CCN(c3cncc(C#Cc4ccccc4)c3)C2)C1,reinvent_pubchem,plain
97,O=C(c1cc([N+](=O)[O-])cc([N+](=O)[O-])c1)N1CC2(C1)C(=O)N(c1cncc(C#Cc3ccccc3)c1)C2=O,0.6213745334037823,5.341677190510456,4.553263768193113,2.313400000000001,-4.938034172208125,26.814014,8.874095,76.47761,O=C(c1ccccc1)N1CC2(C1)C(=O)N(c1cncc(C#Cc3ccccc3)c1)C2=O,reinvent_pubchem,plain
98,CCC#Cc1cncc(N2CC3(CN(C(=O)c4cc([N+](=O)[O-])cc([N+](=O)[O-])c4)C3)C2)c1,0.6210474931963099,5.711729325194095,1.9420959151972947,2.621900000000001,-4.621754498563734,39.69115,21.811794,35.02905,O=C(c1ccccc1)N1CC2(C1)CN(c1cccnc1)C2,reinvent_pubchem,plain
99,O=C(c1cc([N+](=O)[O-])cc([N+](=O)[O-])c1)N1CC2(CCN(c3cncc(C#Cc4cncs4)c3)C2)C1,0.6209657928411393,6.107762562070896,0.7802565766176098,3.1068000000000016,-5.480367826243653,27.67207,14.2611065,51.869984,O=C(c1ccccc1)N1CC2(CCN(c3cncc(C#Cc4cncs4)c3)C2)C1,reinvent_pubchem,plain
100,COc1ncc(C(=O)N2CC3(CCN(c4cncc(C#CC(C)(C)O)c4)C3)C2)cc1C,0.6209109952308742,5.355420542016358,4.411430667307849,2.2685200000000005,-4.357160806554986,17.039904,13.5758915,18.166452,O=C(c1cccnc1)N1CC2(CCN(c3cccnc3)C2)C1,nitro_bioisostere_campaign,mol2mol_scaffold_generic
101,O=C(c1cc([N+](=O)[O-])cc([N+](=O)[O-])c1)N1CC2(C1)CN(c1cc(C#Cc3ccccc3)cnn1)C2,0.6202577760319106,5.711729325194095,1.9420959151972943,2.6552000000000007,-5.024958322182208,38.821575,17.428658,54.300518,O=C(c1ccccc1)N1CC2(C1)CN(c1cc(C#Cc3ccccc3)cnn1)C2,reinvent_pubchem,plain
102,O=C(c1cc([N+](=O)[O-])cc([N+](=O)[O-])c1)N1CC2(CCN(c3cncc(C#Cc4ccc[nH]4)c3)C2)C1,0.6198238769742838,5.930681631740632,1.1730549818552225,2.9784000000000006,-5.265822409442525,26.17355,9.537034,74.86647,O=C(c1ccccc1)N1CC2(CCN(c3cncc(C#Cc4ccc[nH]4)c3)C2)C1,reinvent_pubchem,plain
103,CCCC#Cc1cncc(N2CC3(CN(C(=O)c4cc([N+](=O)[O-])cc([N+](=O)[O-])c4)C3)C2)c1,0.6194379105505617,6.071809286156616,0.8475995429277765,3.0120000000000013,-4.995246692830444,45.82311,26.173529,38.840454,O=C(c1ccccc1)N1CC2(C1)CN(c1cccnc1)C2,reinvent_pubchem,plain
104,Cn1cc(C#Cc2cncc(N3CCC4(CN(C(=O)c5ccc6c(c5)OCO6)C4)C3)c2)cn1,0.61929731094295,5.420196617075479,3.800173130641144,2.2961,-4.574396923523557,33.44794,35.292305,34.570473,O=C(c1ccc2c(c1)OCO2)N1CC2(CCN(c3cncc(C#Cc4cn[nH]c4)c3)C2)C1,reinvent_pubchem,plain
105,O=C(c1cc([N+](=O)[O-])cc([N+](=O)[O-])c1)N1CC(O)(CNc2cncc(C#Cc3ccccc3)c2)C1,0.6192593599989847,5.585229180433188,2.598787801571268,2.596800000000001,-4.9945831265551845,22.374783,8.794996,65.83589,O=C(c1ccccc1)N1CC(CNc2cncc(C#Cc3ccccc3)c2)C1,reinvent_pubchem,plain
106,O=C(c1cc([N+](=O)[O-])cc([N+](=O)[O-])c1)N1CCN(c2cncc(C#Cc3ccccc3)c2)C(O)C1,0.6190499612005262,5.585229180433188,2.598787801571268,2.5786000000000007,-4.987987751754494,24.39075,15.137276,63.79531,O=C(c1ccccc1)N1CCN(c2cncc(C#Cc3ccccc3)c2)CC1,reinvent_pubchem,plain
107,COc1cc2[nH]ccc2cc1C(=O)N1CC2(CCN(c3cncc(C#CCO)c3)C2)C1,0.6188489134581963,5.327722052551925,4.70194935984881,2.2678000000000003,-4.37120946348944,26.074762,16.14883,40.606213,O=C(c1ccc2[nH]ccc2c1)N1CC2(CCN(c3cccnc3)C2)C1,nitro_bioisostere_campaign,mol2mol_similarity
108,CCC1CC2(CN(C(=O)c3ccc4c(c3)OCO4)C2)CN1c1ccc(C#CCO)cn1,0.6188296213474737,5.442375260744797,3.610977141714382,2.285200000000001,-4.362706398993401,44.58579,38.09072,24.56039,O=C(c1ccc2c(c1)OCO2)N1CC2(CCN(c3ccccn3)C2)C1,nitro_bioisostere_campaign,mol2mol_scaffold_generic
109,O=C(c1cc([N+](=O)[O-])cc([N+](=O)[O-])c1)N1CC2(C1)OCCN(c1cncc(C#Cc3ccccc3)c1)C2=O,0.6188139785420482,5.585229180433188,2.598787801571268,2.5558000000000005,-5.218465541981823,33.94901,14.294809,67.48365,O=C(c1ccccc1)N1CC2(C1)OCCN(c1cncc(C#Cc3ccccc3)c1)C2=O,reinvent_pubchem,plain
110,O=[N+]([O-])c1ccc(C#Cc2cncc(N3CCC4(CNC4)C3)c2)cc1,0.6185890455083982,5.256982381187448,5.533725584293905,2.1893,-3.771776442269098,-5.499986,7.353421,42.355556,C(#Cc1cncc(N2CCC3(CNC3)C2)c1)c1ccccc1,reinvent_pubchem,plain
111,O=C(C1=CC([N+](=O)[O-])=CC([N+](=O)[O-])C1)N1CC2(CCN(c3cncc(C#Cc4ccccc4)c3)C2)C1,0.6182214957641263,5.696016802706962,2.013646341057785,2.656100000000001,-5.048067200354162,36.087944,9.546038,44.12108,O=C(C1=CC=CCC1)N1CC2(CCN(c3cncc(C#Cc4ccccc4)c3)C2)C1,reinvent_pubchem,plain
112,CC#Cc1cncc(N2CC3(CCN(Cc4cc([N+](=O)[O-])cc([N+](=O)[O-])c4)C3)C2)c1,0.6181727382371239,5.968845884611192,1.074370599932744,2.981700000000001,-4.798175269668837,31.015554,13.460352,43.64744,c1ccc(CN2CCC3(C2)CN(c2cccnc2)C3)cc1,reinvent_pubchem,plain
113,O=C(c1cc([N+](=O)[O-])cc([N+](=O)[O-])c1)N1CC2(C1)CN(c1cncc(C#Cc3ccccc3)c1)S(=O)(=O)C2,0.6180515432787217,5.599258060642629,2.516181351924404,2.5900000000000007,-5.376478864176552,23.556309,12.576791,62.620018,O=C(c1ccccc1)N1CC2(C1)CN(c1cncc(C#Cc3ccccc3)c1)S(=O)(=O)C2,reinvent_pubchem,plain
114,COCC#Cc1cncc(N2CCCC3(CN(Cc4cc([N+](=O)[O-])cc([N+](=O)[O-])c4)C3)C2)c1,0.6176563054261094,6.021228500587259,0.952294989756517,2.9983000000000013,-5.082897035676228,36.689217,20.650103,39.4063,c1ccc(CN2CC3(CCCN(c4cccnc4)C3)C2)cc1,reinvent_pubchem,plain
115,NS(=O)(=O)c1cc(C(=O)N2CC3(CCN(c4cncc(C#Cc5ccccc5)c4)C3)C2)cc([N+](=O)[O-])c1,0.6169757506298101,5.415734680712669,3.839417316320798,2.389500000000001,-5.127705654866039,30.716822,14.244772,67.04299,O=C(c1ccccc1)N1CC2(CCN(c3cncc(C#Cc4ccccc4)c3)C2)C1,reinvent_pubchem,plain
116,COc1cncc(C(=O)N2CC3(CCN(c4cncc(C#CCNC(C)C)c4)C3)C2)c1,0.6165499669972628,5.355420542016358,4.411430667307849,2.1872,-4.283436727001222,15.917598,12.298727,17.937672,O=C(c1cccnc1)N1CC2(CCN(c3cccnc3)C2)C1,nitro_bioisostere_campaign,mol2mol_scaffold_generic
117,N#CC1CCCCC1n1cc(C(N)=O)c(=Nc2ccc([N+](=O)[O-])cc2)[nH]1,0.6160891164195939,5.363406086128787,4.331057144189094,2.31058,-3.962778367878706,16.78141,12.560165,2.898829,c1ccc(N=c2ccn(C3CCCCC3)[nH]2)cc1,reinvent,curriculum_learning
118,COc1ncc(C(=O)N2CC3(CCN(c4cncc(C(F)(F)F)c4)C3)C2)cn1,0.6152615212860748,5.333607115836198,4.638663663276124,2.2515,-4.182688732836463,24.22052,21.234812,9.307765,O=C(c1cncnc1)N1CC2(CCN(c3cccnc3)C2)C1,nitro_bioisostere_campaign,mol2mol_scaffold_generic
119,O=C(C#Cc1ccccc1)N1CCC2(C1)CN(C(=O)c1cc([N+](=O)[O-])cc([N+](=O)[O-])c1)C2,0.615243463767617,5.341677190510456,4.553263768193113,2.2292,-4.414741884983272,30.46397,20.406445,28.013388,O=C(C#Cc1ccccc1)N1CCC2(C1)CN(C(=O)c1ccccc1)C2,reinvent_pubchem,plain
120,Cn1nc(C(=O)N2CC3(CCN(c4cncc(C#Cc5ccccc5)c4)C3)C2)cc1[N+](=O)[O-],0.6149807294878639,5.5412607821662,2.8756711329529367,2.4756,-4.710610370559371,38.62114,34.360264,47.11161,O=C(c1cc[nH]n1)N1CC2(CCN(c3cncc(C#Cc4ccccc4)c3)C2)C1,reinvent_pubchem,plain
121,COc1cc2cc(C(=O)N3CC4(CCN(c5cncc(C#CCO)c5)C4)C3)[nH]c2cc1OC,0.6147935759887984,5.327378361057446,4.7056718561747015,2.2764,-4.5602248649251385,32.872005,12.425982,36.62515,O=C(c1cc2ccccc2[nH]1)N1CC2(CCN(c3cccnc3)C2)C1,nitro_bioisostere_campaign,mol2mol_similarity
122,O=C(c1cc([N+](=O)[O-])cc([N+](=O)[O-])c1)N1C[C@H](O)C2(C1)CN(c1cncc(C#Cc3ccccc3)c1)C2,0.6136163392834731,5.585229180433188,2.598787801571268,2.621100000000001,-5.179871849977586,27.67895,11.241185,67.34148,O=C(c1ccccc1)N1CCC2(C1)CN(c1cncc(C#Cc3ccccc3)c1)C2,reinvent_pubchem,plain
123,O=C(c1cc([N+](=O)[O-])cc([N+](=O)[O-])c1)N1C[C@@H](O)C2(C1)CN(c1cncc(C#Cc3ccccc3)c1)C2,0.6131995887687395,5.585229180433188,2.598787801571268,2.621100000000001,-5.179871849977586,27.864206,11.603788,66.02916,O=C(c1ccccc1)N1CCC2(C1)CN(c1cncc(C#Cc3ccccc3)c1)C2,reinvent_pubchem,plain
124,O=C(NCC1(O)CCN(c2cncc(C#Cc3ccccc3)c2)C1)c1cc([N+](=O)[O-])cc([N+](=O)[O-])c1,0.6128091868965018,5.585229180433188,2.598787801571268,2.6690000000000005,-5.1348156847170365,19.830048,5.141684,72.47876,O=C(NCC1CCN(c2cncc(C#Cc3ccccc3)c2)C1)c1ccccc1,reinvent_pubchem,plain
125,COc1ncc(C(=O)N2CC3(CCN(c4cncc(C#CC(C)C)c4)C3)C2)cn1,0.6125817876307269,5.355420542016358,4.411430667307849,2.2402,-4.155481881909665,33.68574,35.09379,13.825183,O=C(c1cncnc1)N1CC2(CCN(c3cccnc3)C2)C1,nitro_bioisostere_campaign,mol2mol_scaffold_generic
126,CC(C)(C)OC(=O)N1CC2(CCN(c3cncc(-c4cnn[nH]4)c3)C2)C1,0.6125136173240385,5.4526947580307406,3.5261862041622805,2.3139000000000003,-3.985768419166559,47.454678,32.518425,-6.705129,c1ncc(N2CCC3(CNC3)C2)cc1-c1cnn[nH]1,reinvent_pubchem,plain
127,O=C(c1cc([N+](=O)[O-])cc([N+](=O)[O-])c1)N1CC2(CCN(c3nnc(C#Cc4ccccc4)o3)C2)C1,0.6116942220460594,5.585229180433188,2.598787801571268,2.638300000000001,-5.0266216790254505,23.612215,7.8836646,55.341625,O=C(c1ccccc1)N1CC2(CCN(c3nnc(C#Cc4ccccc4)o3)C2)C1,reinvent_pubchem,plain
128,O=C(c1cc([N+](=O)[O-])cc([N+](=O)[O-])c1)N1CCN(c2cncc(C#Cc3ccccc3)c2)CC(O)C1,0.6114560661500729,5.585229180433188,2.598787801571268,2.6211,-5.106192593531823,25.745045,16.722736,58.619408,O=C(c1ccccc1)N1CCCN(c2cncc(C#Cc3ccccc3)c2)CC1,reinvent_pubchem,plain
129,CC#Cc1cncc(N2CCCC3(CN(C(=O)c4cc([N+](=O)[O-])cc([N+](=O)[O-])c4)C3)C2)c1,0.611313512771609,6.021228500587259,0.952294989756517,3.0120000000000013,-4.998698238396402,46.416145,26.138556,33.99042,O=C(c1ccccc1)N1CC2(CCCN(c3cccnc3)C2)C1,reinvent_pubchem,plain
130,O=C(c1cc([N+](=O)[O-])cc([N+](=O)[O-])c1)N1CCN(c2cncc(C#Cc3ccccc3)c2)C(CO)C1,0.6111067408690557,5.585229180433188,2.598787801571268,2.6211,-5.102741047965865,28.745838,20.117044,64.372055,O=C(c1ccccc1)N1CCN(c2cncc(C#Cc3ccccc3)c2)CC1,reinvent_pubchem,plain
131,COc1c(N2CCC(C(C)(C)O)C2)c(N)cc2c(=O)c(C(=O)O)cn(C3CC3)c12,0.611084940204261,5.255598156780376,5.551391335350835,2.2226,-4.172188368654264,-1.2936577,6.6539407,4.768758,O=c1ccn(C2CC2)c2cc(N3CCCC3)ccc12,reinvent,plain
132,O=C(c1cnc([N+](=O)[O-])nc1)N1CC2(CCN(c3cncc(C#Cc4ccccc4)c3)C2)C1,0.6107174125349137,5.5412607821662,2.8756711329529376,2.5321000000000007,-4.752097975478067,28.438587,27.225164,39.043053,O=C(c1cncnc1)N1CC2(CCN(c3cncc(C#Cc4ccccc4)c3)C2)C1,reinvent_pubchem,plain
133,O=C(c1cc([N+](=O)[O-])cc([N+](=O)[O-])c1)N1CCN(c2cncc(C#Cc3ccccc3)c2)CC1CO,0.6098856801957787,5.585229180433188,2.598787801571268,2.6211000000000007,-5.102741047965865,30.721325,22.974545,64.26832,O=C(c1ccccc1)N1CCN(c2cncc(C#Cc3ccccc3)c2)CC1,reinvent_pubchem,plain
134,CS(=O)(=O)c1ccc(C#Cc2cncc(N3CCC4(CN(C(=O)c5cc([N+](=O)[O-])cc([N+](=O)[O-])c5)C4)C3)c2)cc1,0.6082238555935914,5.908757236035793,1.233794312632066,3.0538000000000016,-5.892466264205734,23.668575,0.91354144,80.36592,O=C(c1ccccc1)N1CC2(CCN(c3cncc(C#Cc4ccccc4)c3)C2)C1,reinvent_pubchem,plain
135,N#Cc1cncc(N2CCCC3(CN(C(=O)c4cc5c(cc4[N+](=O)[O-])OCO5)C3)C2)c1,0.6078019575164553,5.535947731957985,2.9110674486517816,2.3327800000000005,-4.410773271028892,63.541756,57.639942,-12.867505,O=C(c1ccc2c(c1)OCO2)N1CC2(CCCN(c3cccnc3)C2)C1,reinvent_pubchem,plain
136,COc1cncc(C(=O)N2CC3(CCN(c4cncc(C#CC(C)(C)CO)c4)C3)C2)c1,0.6076014414338463,5.355420542016358,4.411430667307849,2.2077,-4.308600651207653,26.587854,35.166527,3.399016,O=C(c1cccnc1)N1CC2(CCN(c3cccnc3)C2)C1,nitro_bioisostere_campaign,mol2mol_scaffold_generic
137,O=C(N1CC2(CCN(c3cncc(C#Cc4ccccc4)c3)C2)C1)C1(O)CC1,0.6074519016678855,5.394846104919416,4.028597650189412,2.045,-3.9012823197420192,23.988655,29.739365,49.02876,O=C(C1CC1)N1CC2(CCN(c3cncc(C#Cc4ccccc4)c3)C2)C1,reinvent_pubchem,plain
138,CC(N)C(=O)N1CC2(CCN(c3cncc(N4CC(OCCCc5ccccc5)C4)c3)C2)C1,0.6073133953582328,5.394846104919416,4.028597650189411,2.3055000000000003,-4.549701671448573,40.94854,29.26261,3.2847953,c1ccc(CCCOC2CN(c3cncc(N4CCC5(CNC5)C4)c3)C2)cc1,reinvent_pubchem,plain
139,CC(O)C(=O)N1CC2(CCN(c3cncc(-c4ccc(F)cc4)c3)C2)C1,0.6072119628323734,5.275193053322486,5.306485070174941,2.3072,-3.9870155067054016,11.863894,20.063334,17.547024,c1ccc(-c2cncc(N3CCC4(CNC4)C3)c2)cc1,reinvent_pubchem,plain
140,O=C(c1cc([N+](=O)[O-])cc([N+](=O)[O-])c1)N1CC2(CCN(c3cncc(C#Cc4ccco4)c3)C2)C1,0.6071613046453628,6.071809286156616,0.8475995429277765,3.2433000000000014,-5.468799902035115,25.00182,7.225737,75.44541,O=C(c1ccccc1)N1CC2(CCN(c3cncc(C#Cc4ccco4)c3)C2)C1,reinvent_pubchem,plain
141,COC(=O)c1cc(CN2CC3(CCN(c4cncc(C#CCCCC(=O)O)c4)C3)C2)no1,0.6064841639555426,5.355420542016358,4.411430667307849,2.1749,-4.3743007388077,15.0861225,18.364294,-14.405271,c1cncc(N2CCC3(CN(Cc4ccon4)C3)C2)c1,nitro_bioisostere_campaign,mol2mol_similarity
142,CC1CN=C(c2cc(NC(=O)Oc3ccccc3C3=NCCCN3)cc(C3=NCCN3)c2)N1,0.6063687180013799,5.239479120673832,5.761305161897085,2.1255,-4.3996232579258985,-0.7941105,-27.039413,18.565884,O=C(Nc1cc(C2=NCCN2)cc(C2=NCCN2)c1)Oc1ccccc1C1=NCCCN1,reinvent,curriculum_learning
143,CN1C[C@]2(CCN(c3cncc(C#Cc4ccccc4)c3)C2)CNC1=O,0.6062164209258002,5.256982381187448,5.533725584293905,2.3329,-3.953593547027929,6.932884,24.753237,36.271854,O=C1NCC2(CCN(c3cncc(C#Cc4ccccc4)c3)C2)CN1,reinvent_pubchem,plain
144,O=C1COCCN1c1ccc(CN2CC3(CCN(c4cncc(C#CC5CC5)c4)C3)C2)cn1,0.6061122001045222,5.288991036318423,5.140542613676119,2.3136,-4.529514637614019,21.679115,21.077938,34.821068,O=C1COCCN1c1ccc(CN2CC3(CCN(c4cncc(C#CC5CC5)c4)C3)C2)cn1,nitro_bioisostere_campaign,mol2mol_similarity
145,CN1C[C@@]2(CCN(c3cncc(C#Cc4ccccc4)c3)C2)CNC1=O,0.606090147929284,5.256982381187448,5.533725584293905,2.3329,-3.953593547027929,8.331105,24.332767,37.089092,O=C1NCC2(CCN(c3cncc(C#Cc4ccccc4)c3)C2)CN1,reinvent_pubchem,plain
146,O=C(c1cc([N+](=O)[O-])cc([N+](=O)[O-])c1)N1C(=O)C2(CCN(c3cncc(C#Cc4ccccc4)c3)C2)C1=O,0.6059703273010235,5.585229180433188,2.598787801571268,2.703500000000001,-5.31467719303846,33.90282,14.742563,92.91018,O=C(c1ccccc1)N1C(=O)C2(CCN(c3cncc(C#Cc4ccccc4)c3)C2)C1=O,reinvent_pubchem,plain
147,O=C(c1cc([N+](=O)[O-])cc([N+](=O)[O-])c1)N1CC2(CCN(c3cncc(C#Cc4ccoc4)c3)C2)C1,0.6058754246914374,6.071809286156616,0.8475995429277765,3.2433000000000014,-5.468799902035115,25.60665,7.5183554,70.584625,O=C(c1ccccc1)N1CC2(CCN(c3cncc(C#Cc4ccoc4)c3)C2)C1,reinvent_pubchem,plain
148,CCCCOC1CN(c2cncc(N3CCC4(CN(C(=O)O)C4)C3)c2)C1,0.6056664629144379,5.288991036318424,5.140542613676117,2.277,-3.889264348927951,18.278616,12.326932,-17.15391,c1ncc(N2CCC3(CNC3)C2)cc1N1CCC1,reinvent_pubchem,plain
149,COc1ccc(NC(=O)N2CC3(CCN(c4cncc(C#CCO)c4)C3)C2)cc1,0.6054167599307277,5.286077960010817,5.175139249156543,2.1782000000000004,-4.116006159482016,21.114769,19.509296,25.281406,O=C(Nc1ccccc1)N1CC2(CCN(c3cccnc3)C2)C1,nitro_bioisostere_campaign,mol2mol_similarity
150,COc1ncc(C(=O)N2CC3(CCN(c4cncc(C#CCCC(C)(C)O)c4)C3)C2)cn1,0.6053121075265597,5.355420542016358,4.411430667307849,2.1353,-4.345603160673278,24.774145,27.544134,23.70144,O=C(c1cncnc1)N1CC2(CCN(c3cccnc3)C2)C1,nitro_bioisostere_campaign,mol2mol_scaffold_generic
151,CC(C)(C)CC(=O)N1CC2(CCN(c3cncc(C#CC4(O)CCNCC4)c3)C2)C1,0.6052498052927892,5.373630951589079,4.230279360648027,2.0225,-4.032581257510437,7.022998,-3.508203,11.31477,C(#CC1CCNCC1)c1cncc(N2CCC3(CNC3)C2)c1,nitro_bioisostere_campaign,mol2mol_similarity
152,C[C@@H](O)C(=O)N1CC2(CCN(c3cncc(-c4ccc(F)cc4)c3)C2)C1,0.605184774075783,5.256982381187448,5.533725584293905,2.3072,-3.9870155067054016,12.314016,17.174341,17.263515,c1ccc(-c2cncc(N3CCC4(CNC4)C3)c2)cc1,reinvent_pubchem,plain
153,C[C@H](O)C(=O)N1CC2(CCN(c3cncc(-c4ccc(F)cc4)c3)C2)C1,0.6050570418010209,5.256982381187448,5.533725584293905,2.3072,-3.9870155067054016,12.594943,18.90133,18.828672,c1ccc(-c2cncc(N3CCC4(CNC4)C3)c2)cc1,reinvent_pubchem,plain
154,COC(=O)c1cc(CN2CC3(CCN(c4cncc(C#CC5CC5)c4)C3)C2)no1,0.6050469213937486,5.394846104919416,4.028597650189411,2.33,-4.210442499039572,42.047657,47.24236,17.97018,C(#CC1CC1)c1cncc(N2CCC3(CN(Cc4ccon4)C3)C2)c1,nitro_bioisostere_campaign,mol2mol_similarity
155,CNCC(=O)N1CC2(CCN(c3cncc(N4CC(OCCCc5ccccc5)C4)c3)C2)C1,0.6048738598697608,5.394846104919416,4.028597650189411,2.1777,-4.451464194773448,37.284615,32.573418,-2.5252037,c1ccc(CCCOC2CN(c3cncc(N4CCC5(CNC5)C4)c3)C2)cc1,reinvent_pubchem,plain
156,CCCCCCOC1CN(c2cncc(N3CCC4(CN(C(=N)N)C4)C3)c2)C1,0.6042811405335758,5.302380394244547,4.984477107800574,2.2726700000000006,-4.0446535351932695,40.969124,2.9960914,-10.391058,c1ncc(N2CCC3(CNC3)C2)cc1N1CCC1,reinvent_pubchem,plain
157,CC(C)(C)C(=O)N1CC2(CCN(c3cncc(C#CC4(O)CCOCC4)c3)C2)C1,0.6041861916060046,5.394846104919416,4.028597650189412,2.0594,-3.980075316980598,21.235865,18.98019,13.104838,C(#CC1CCOCC1)c1cncc(N2CCC3(CNC3)C2)c1,nitro_bioisostere_campaign,mol2mol_similarity
158,COc1cncc(C#Cc2ccccc2)c1N1CCC2(CNC2)C1,0.6036754566238625,5.196914599648918,6.354558766113089,2.2897,-3.755749006222829,0.6666325,23.374187,23.822712,C(#Cc1cnccc1N1CCC2(CNC2)C1)c1ccccc1,reinvent_pubchem,plain
159,C#Cc1cncc(N2CCC3(CCN(C(=O)c4cc5c(cc4[N+](=O)[O-])OCO5)C3)C2)c1,0.6034556451595244,5.557465342736418,2.770350107878708,2.4424,-4.48554105152792,56.779804,55.70099,5.326178,O=C(c1ccc2c(c1)OCO2)N1CCC2(CCN(c3cccnc3)C2)C1,reinvent_pubchem,plain
160,CCCCC#Cc1cncc(N2CCC3(CN(C(=O)c4cc[n+]5c(c4)OCO5)C3)C2)c1,0.6031253308353537,5.442375260744797,3.610977141714382,2.0418,-4.178890146662241,36.260056,31.987808,26.125803,O=C(c1cc[n+]2c(c1)OCO2)N1CC2(CCN(c3cccnc3)C2)C1,nitro_bioisostere_campaign,mol2mol_scaffold
161,CCCCOC1CN(c2cncc(N3CCC4(CN(C(C)=O)C4)C3)c2)C1,0.6029077441535863,5.394846104919416,4.028597650189411,2.1455,-3.7786916434210576,43.261566,44.96441,10.1093025,c1ncc(N2CCC3(CNC3)C2)cc1N1CCC1,reinvent_pubchem,plain
162,O=C(c1cc([N+](=O)[O-])cc([N+](=O)[O-])c1)N1CC2(CCN(c3cncc(C#Cc4nnn[nH]4)c3)C2)C1,0.6024434640829907,6.071809286156616,0.8475995429277765,1.1633999999999998,-3.939287740413534,7.701373,-7.8755293,28.801682,O=C(c1ccccc1)N1CC2(CCN(c3cncc(C#Cc4nnn[nH]4)c3)C2)C1,reinvent_pubchem,plain
163,O=C(c1cc2c(cc1F)OCO2)N1CC2(CCN(c3ccncc3)C2)C1,0.6023465400415324,5.373032678739256,4.236110899890319,2.3019,-3.9862451693939023,44.306217,46.469032,0.17283973,O=C(c1ccc2c(c1)OCO2)N1CC2(CCN(c3ccncc3)C2)C1,nitro_bioisostere_campaign,mol2mol_scaffold
164,O=C(c1cc([N+](=O)[O-])cc([N+](=O)[O-])c1)N1CC2(CCN(c3cncc(C#CCN4CCOCC4)c3)C2)C1,0.6022952178794402,5.503627672622334,3.135973090433166,1.9342,-4.64437839693978,35.191517,13.5918,34.6045,O=C(c1ccccc1)N1CC2(CCN(c3cncc(C#CCN4CCOCC4)c3)C2)C1,reinvent_pubchem,plain
165,CC(C)(O)CC(=O)N1CC2(CCN(c3cncc(C#CC4CC4)c3)C2)C1,0.6017310506693314,5.326324963192988,4.717099496597866,2.0428,-3.679674663648711,5.485814,22.076916,29.250439,C(#CC1CC1)c1cncc(N2CCC3(CNC3)C2)c1,nitro_bioisostere_campaign,mol2mol_similarity
166,O=C(c1ccc2c(c1)OCO2)N1CC2(CCN(c3cncc(C#CC4(O)CC4)c3)C2)C1,0.6013914743373021,5.379006761838356,4.178238612003802,2.0392,-4.170372560579383,16.258724,17.628906,18.221598,O=C(c1ccc2c(c1)OCO2)N1CC2(CCN(c3cncc(C#CC4CC4)c3)C2)C1,reinvent_pubchem,plain
167,C(#Cc1cncc(N2CCC3(CNC3)C2)c1)Oc1ccccc1,0.6011932955093313,5.118417652131025,7.613464864929306,2.2693000000000003,-3.657112165533201,-8.40762,14.75857,27.273596,C(#Cc1cncc(N2CCC3(CNC3)C2)c1)Oc1ccccc1,reinvent_pubchem,plain
168,*C#CC#CC#CC#CC1CCC(n2nc(C3CC3)cc2C(N)=O)CC1,0.6011061542289506,4.936693546229097,11.569283243713585,2.1111,-3.548120120027475,-14.092554,-21.794582,160.18694,c1cn(C2CCCCC2)nc1C1CC1,libinvent,curriculum_learning
169,C(#Cc1ccccc1)Oc1cncc(N2CCC3(CNC3)C2)c1,0.6009451387164899,5.118417652131025,7.613464864929306,2.2693000000000003,-3.657112165533202,-6.706115,16.210102,29.862598,C(#Cc1ccccc1)Oc1cncc(N2CCC3(CNC3)C2)c1,reinvent_pubchem,plain
170,CC(C)(C)OC(=O)N1CC2(CCN(c3cncc(C#CC4(O)CCNCC4)c3)C2)C1,0.6007170891373854,5.373630951589079,4.230279360648029,1.9947999999999997,-4.028531015370617,12.798258,-3.9414363,12.754138,C(#CC1CCNCC1)c1cncc(N2CCC3(CNC3)C2)c1,nitro_bioisostere_campaign,mol2mol_similarity
171,CCCCC#Cc1cncc(N2CCC3(CN(C(=O)c4cc([N+](=O)[O-])cc([N+](=O)[O-])c4)C3)C2)n1,0.6005923416925754,6.107762562070896,0.7802565766176098,3.1872000000000016,-5.304414326984606,50.758377,28.078846,42.410866,O=C(c1ccccc1)N1CC2(CCN(c3cnccn3)C2)C1,reinvent_pubchem,plain
172,CC(O)C(=O)N1CC2(CCN(c3cncc(N4CC(OCCCc5ccccc5)C4)c3)C2)C1,0.6005649414121484,5.394846104919416,4.028597650189412,2.3390999999999997,-4.581129978864712,43.00102,39.052635,4.3163567,c1ccc(CCCOC2CN(c3cncc(N4CCC5(CNC5)C4)c3)C2)cc1,reinvent_pubchem,plain
173,C#Cc1cncc(N2CCC3(CN(C(=O)c4ccc5c(c4)CCO5)C3)C2)c1,0.600159014450146,5.394846104919416,4.028597650189412,2.3503000000000007,-4.041708263357766,43.72593,52.23548,9.758762,O=C(c1ccc2c(c1)CCO2)N1CC2(CCN(c3cccnc3)C2)C1,nitro_bioisostere_campaign,mol2mol_scaffold_generic
174,O=C(N1CC2(CCN(c3cncc(-c4ccc(F)cc4)c3)C2)C1)C1(O)CC1,0.5997777837406933,5.394846104919416,4.028597650189412,2.4513000000000007,-4.166043795745303,30.84003,24.929302,22.063755,O=C(C1CC1)N1CC2(CCN(c3cncc(-c4ccccc4)c3)C2)C1,reinvent_pubchem,plain
175,O=C(c1ccc[n+]([O-])c1)N1CC2(CCN(c3cncc(C#Cc4ccccc4)c3)C2)C1,0.5993813949412852,5.394846104919416,4.028597650189412,2.4673000000000007,-4.524165043953484,23.490927,36.529987,40.4403,O=C(c1ccc[nH+]c1)N1CC2(CCN(c3cncc(C#Cc4ccccc4)c3)C2)C1,reinvent_pubchem,plain
176,CCCCCCC#Cc1cncc(N2CCC3(CC2)CN(C(=O)C(O)CO)C3)c1,0.5990247610207953,5.253977899992149,5.572141032473802,2.1854999999999998,-4.066224720679151,29.868296,33.308876,36.43418,c1cncc(N2CCC3(CC2)CNC3)c1,nitro_bioisostere_campaign,mol2mol_similarity
177,O=C(O)Cc1sc(=NN=Cc2ccc(-c3ccc([N+](=O)[O-])cc3)o2)[nH]c1O,0.5985469108134215,5.382323608236485,4.146449608140079,2.511900000000001,-4.402257417834649,1.4767433,5.776457,5.46647,C(=NN=c1[nH]ccs1)c1ccc(-c2ccccc2)o1,reinvent,reinforcement_learning
178,NC(=O)N1CC2(CCN(c3cncc(N4CC(OCCc5ccccc5)C4)c3)C2)C1,0.5982018514158,5.394846104919416,4.028597650189411,2.1202999999999994,-4.156427803416529,42.475063,29.738348,-5.0238895,c1ccc(CCOC2CN(c3cncc(N4CCC5(CNC5)C4)c3)C2)cc1,reinvent_pubchem,plain
179,CNC(=O)N1CC2(CCN(c3cncc(N4CC(OCCc5ccccc5)C4)c3)C2)C1,0.5978622796647087,5.394846104919416,4.028597650189412,2.381,-4.437055185103047,41.595303,27.908161,-1.8998741,c1ccc(CCOC2CN(c3cncc(N4CCC5(CNC5)C4)c3)C2)cc1,reinvent_pubchem,plain
180,COCC(=O)N1CC2(CCN(c3cncc(N4CC(OCCc5ccccc5)C4)c3)C2)C1,0.5976680207729219,5.394846104919416,4.028597650189411,2.2146,-4.400862341943572,61.206493,58.541862,0.6215172,c1ccc(CCOC2CN(c3cncc(N4CCC5(CNC5)C4)c3)C2)cc1,reinvent_pubchem,plain
181,O=C(c1cc([N+](=O)[O-])cc([N+](=O)[O-])c1)N1CC2(CCN(c3cncc(C#Cc4ccc(F)nc4)c3)C2)C1,0.5976329552381845,5.981262417309989,1.0440891500477762,3.184400000000001,-5.617359550072564,28.14125,7.8529572,64.26155,O=C(c1ccccc1)N1CC2(CCN(c3cncc(C#Cc4cccnc4)c3)C2)C1,reinvent_pubchem,plain
182,CC(O)C#Cc1cncc(N2CCC3(CN(C(=O)OC(C)(C)C)C3)C2)c1,0.5975577591794929,5.206671911596058,6.213382478652199,2.2611,-3.874861351054825,30.73615,22.67742,15.184194,c1cncc(N2CCC3(CNC3)C2)c1,reinvent_pubchem,plain
183,CCCCCCC#Cc1cncc(N2CCC3(CC2)CN(C(=O)C(O)CN)C3)c1,0.5970967907829883,5.253977899992149,5.572141032473802,2.1518999999999995,-4.034796413263011,24.285067,25.667654,30.148819,c1cncc(N2CCC3(CC2)CNC3)c1,nitro_bioisostere_campaign,mol2mol_similarity
184,O=C(c1cc([N+](=O)[O-])cc([N+](=O)[O-])c1)N1CC2(CCN(c3cncc(C#Cc4cncc(F)c4)c3)C2)C1,0.5965997829549478,5.981262417309989,1.0440891500477762,3.184400000000002,-5.617359550072565,30.796906,9.9903555,65.17693,O=C(c1ccccc1)N1CC2(CCN(c3cncc(C#Cc4cccnc4)c3)C2)C1,reinvent_pubchem,plain
185,CCCCC#Cc1cnc(N2CCC3(CN(C(=O)c4cc([N+](=O)[O-])cc([N+](=O)[O-])c4)C3)C2)nc1,0.5965776286675564,6.107762562070896,0.7802565766176098,3.1872000000000016,-5.304414326984606,58.288525,32.450695,38.229744,O=C(c1ccccc1)N1CC2(CCN(c3ncccn3)C2)C1,reinvent_pubchem,plain
186,CCCC[n+]1ccc(N2CCC3(CN(C(=O)c4ccc5c(c4)OCO5)C3)C2)cn1,0.5965029766894823,5.215423340682298,6.089430236109748,2.2504,-4.182652315265285,33.240395,21.302338,8.3888645,O=C(c1ccc2c(c1)OCO2)N1CC2(CCN(c3cc[nH+]nc3)C2)C1,nitro_bioisostere_campaign,mol2mol_scaffold_generic
187,CCN(CC)C(O)c1cc(CCNC(=O)c2cnccn2)c(=O)n(Cc2cccc(F)c2)c1C,0.5963348308426459,5.482519795307676,3.2921544722611067,2.4393199999999995,-4.831403664967562,51.05596,54.692932,18.07574,O=C(NCCc1cccn(Cc2ccccc2)c1=O)c1cnccn1,reinvent,plain
188,COc1cccc(C#Cc2cncc(N3CCC4(CN(C(=O)c5cc([N+](=O)[O-])cc([N+](=O)[O-])c5)C4)C3)c2)n1,0.5961692965981047,5.894728355826352,1.2742998857629848,3.0539000000000014,-5.591267321163499,41.22613,19.94172,68.66208,O=C(c1ccccc1)N1CC2(CCN(c3cncc(C#Cc4ccccn4)c3)C2)C1,reinvent_pubchem,plain
189,COC(=O)C(C)(C)C(=O)N1CC2(CCN(c3cncc(C#CCCCCCO)c3)C2)C1,0.5958941290625608,5.355420542016358,4.411430667307849,2.223699999999999,-4.274121944300324,55.23275,68.20144,11.234671,c1cncc(N2CCC3(CNC3)C2)c1,nitro_bioisostere_campaign,mol2mol_similarity
190,C#Cc1cncc(N2CCCC3(CN(C(=O)c4cc5c(cc4[N+](=O)[O-])OCO5)C3)C2)c1,0.5952270568847738,5.535947731957985,2.9110674486517816,2.4424,-4.48554105152792,66.02033,64.58253,2.134417,O=C(c1ccc2c(c1)OCO2)N1CC2(CCCN(c3cccnc3)C2)C1,reinvent_pubchem,plain
191,OCC1CNCC2(CCN(c3cncc(C#Cc4ccccc4)c3)C2)C1,0.5947134608909715,5.02702597992965,9.3966709705906,2.2797,-3.91748402074497,-17.477707,6.8078356,47.157925,C(#Cc1cncc(N2CCC3(CCCNC3)C2)c1)c1ccccc1,reinvent_pubchem,plain
192,O=C(Nc1cncc(C#Cc2ccccc2)c1)N1CCC2(CNC2)C1,0.5943839442959414,5.087879114236275,8.168096985004066,2.3086,-3.850667109575261,-8.364023,11.702163,38.61303,O=C(Nc1cncc(C#Cc2ccccc2)c1)N1CCC2(CNC2)C1,reinvent_pubchem,plain
193,C(#Cc1cncc(N2CCNCC3(CCNCC3)C2)c1)c1ccccc1,0.5940800481398663,4.984870738846171,10.354503068715614,2.2608,-3.9004098659942,-24.636465,-1.2689927,42.15844,C(#Cc1cncc(N2CCNCC3(CCNCC3)C2)c1)c1ccccc1,reinvent_pubchem,plain
194,CCCCCCC#CC(=O)N1CCC2(C1)CN(C(=O)c1cc([N+](=O)[O-])cc([N+](=O)[O-])c1)C2,0.5940442468801939,6.071809286156616,0.8475995429277765,3.1513000000000018,-5.058246045161977,56.09552,35.736343,23.606892,O=C(c1ccccc1)N1CC2(CCNC2)C1,reinvent_pubchem,plain
195,COC(=O)c1cncc(CN2CC3(CCN(c4cncc(C#CC(C)(C)O)c4)C3)C2)c1,0.5932685528611262,5.302380394244547,4.984477107800574,2.0979,-4.227164851240623,18.845118,23.959766,7.743885,c1cncc(CN2CC3(CCN(c4cccnc4)C3)C2)c1,nitro_bioisostere_campaign,mol2mol_scaffold_generic
196,COc1cc2c(cc1OC)C(=O)N(CC1CCN(c3cncc(C#CCCO)c3)C1)C2,0.5931607065956497,5.321404277958346,4.770849559424498,2.3150000000000004,-4.387787237779402,42.91064,48.423225,7.7627883,O=C1c2ccccc2CN1CC1CCN(c2cccnc2)C1,nitro_bioisostere_campaign,mol2mol_similarity
197,COc1cncc(CN2CC3(CCN(c4cncc(C#CC(C)(C)O)c4)C3)C2)c1,0.5928729927306584,5.177869990648382,6.639417966747781,2.3199000000000005,-4.217940823892812,8.08949,15.821988,16.103558,c1cncc(CN2CC3(CCN(c4cccnc4)C3)C2)c1,nitro_bioisostere_campaign,mol2mol_scaffold_generic
198,O=C(C1CC1)N1CC2(CCN(c3cncc(C#CC4CC4)c3)C2)C1,0.5921663374476595,5.127902025708711,7.449000000292664,2.2918000000000003,-3.664078012123568,13.460432,25.873682,32.382797,O=C(C1CC1)N1CC2(CCN(c3cncc(C#CC4CC4)c3)C2)C1,nitro_bioisostere_campaign,mol2mol_similarity
199,O=C(c1cc([N+](=O)[O-])cc([N+](=O)[O-])c1)N1CC2(CCN(c3cncc(C#Cc4ccc(F)cn4)c3)C2)C1,0.5921627019131683,5.930681631740632,1.1730549818552225,3.184400000000001,-5.617359550072564,29.579615,9.484224,74.46008,O=C(c1ccccc1)N1CC2(CCN(c3cncc(C#Cc4ccccn4)c3)C2)C1,reinvent_pubchem,plain
200,C(C#Cc1cncc(N2CCC3(CNC3)C2)c1)#Cc1ccccc1,0.5920675470032719,4.93756475045008,11.54609827126814,2.2845000000000004,-3.715634083054318,-22.10108,-2.1964707,73.65587,C(C#Cc1cncc(N2CCC3(CNC3)C2)c1)#Cc1ccccc1,reinvent_pubchem,plain
