gate2_rank,rank,canonical_smiles,triage_score,gate2_target_free_score,passes_gate2_target_free,pred_pIC50_uncertainty,pred_pIC50_lower95,pred_ic50_uM_upper95,uncertainty_confidence_score,sa_score,sa_accessibility,liability_alert_count,liability_free,nearest_active_tanimoto,shape_tanimoto_max,ligand_support_score,pred_pIC50,pred_ic50_uM,pred_cLogP,pred_logS_ESOL,pred_MetStab_Clearance_Microsome_AZ,pred_MetStab_Clearance_Hepatocyte_AZ,pred_MetStab_Half_Life_Obach,scaffold_bucket,source_family,source_mode
1,87,CCCC[n+]1cncc(N2CCC3(CN(C(=O)c4ccc5c(c4)OCO5)C3)C2)c1,0.6235899668917844,0.6580233608504904,1,0.26650110745132216,4.529935926624713,29.516446636655342,0.7823548963211037,3.5717229374955286,0.7142530069449413,1,0,0.64,0.3030814689742507,0.5220785141409878,5.442375258869468,3.6109771573069493,2.2504,-4.182652315265285,33.46155,27.693085,-2.6239076,O=C(c1ccc2c(c1)OCO2)N1CC2(CCN(c3cnc[nH+]c3)C2)C1,nitro_bioisostere_campaign,mol2mol_scaffold
2,186,CCCC[n+]1ccc(N2CCC3(CN(C(=O)c4ccc5c(c4)OCO5)C3)C2)cn1,0.5965029766894823,0.6542779192201635,1,0.24611986750624143,4.461576929670752,34.54801268050781,0.8090564764694443,3.575329530902123,0.7138522743442086,1,0,0.5974025974025974,0.4166508987701041,0.5341395028812248,5.215423339938084,6.089430246544679,2.2504,-4.182652315265285,33.240395,21.302338,8.3888645,O=C(c1ccc2c(c1)OCO2)N1CC2(CCN(c3cc[nH+]nc3)C2)C1,nitro_bioisostere_campaign,mol2mol_scaffold_generic
3,104,Cn1cc(C#Cc2cncc(N3CCC4(CN(C(=O)c5ccc6c(c5)OCO6)C4)C3)c2)cn1,0.61929731094295,0.6441193778732495,1,0.34192573469726323,4.153645515746251,70.20280811187554,0.6835406566088473,3.5147479624713247,0.7205835597254084,1,0,0.6986301369863014,0.32041301319347704,0.5662541436588129,5.420196615226186,3.800173146822864,2.2961,-4.574396923523557,33.44794,35.292305,34.570473,O=C(c1ccc2c(c1)OCO2)N1CC2(CCN(c3cncc(C#Cc4cn[nH]c4)c3)C2)C1,reinvent_pubchem,plain
4,180,COCC(=O)N1CC2(CCN(c3cncc(N4CC(OCCc5ccccc5)C4)c3)C2)C1,0.5976680207729219,0.6390282887462506,1,0.3705450909263357,4.1106146140845645,77.51493477203547,0.6460462727438981,3.247131702947402,0.7503186996725109,0,1,0.4074074074074074,0.35203426124197,0.38802680624950436,5.394846103109279,4.028597666980577,2.2146,-4.400862341943572,61.206493,58.541862,0.6215172,c1ccc(CCOC2CN(c3cncc(N4CCC5(CNC5)C4)c3)C2)cc1,reinvent_pubchem,plain
5,118,COc1ncc(C(=O)N2CC3(CCN(c4cncc(C(F)(F)F)c4)C3)C2)cn1,0.6152615212860748,0.6384899217980741,1,0.40399572115079585,3.937732598175736,115.41636755029779,0.6022224089182572,3.317616532741784,0.7424870519175795,0,1,0.4266666666666667,0.3612909278543953,0.4037851580823717,5.333607114102878,4.638663681789573,2.2515,-4.182688732836463,24.22052,21.234812,9.307765,O=C(c1cncnc1)N1CC2(CCN(c3cccnc3)C2)C1,nitro_bioisostere_campaign,mol2mol_scaffold_generic
6,163,O=C(c1cc2c(cc1F)OCO2)N1CC2(CCN(c3ccncc3)C2)C1,0.6023465400415324,0.6374176901297374,1,0.3981088568000689,3.988007623849527,102.7998251908749,0.609934823899235,3.091836560383019,0.7675737155129979,0,1,0.44155844155844154,0.31055436103580447,0.39570701337551856,5.373032676973282,4.236110917115642,2.3019,-3.9862451693939023,44.306217,46.469032,0.17283973,O=C(c1ccc2c(c1)OCO2)N1CC2(CCN(c3ccncc3)C2)C1,nitro_bioisostere_campaign,mol2mol_scaffold
7,191,OCC1CNCC2(CCN(c3cncc(C#Cc4ccccc4)c3)C2)C1,0.5947134608909715,0.636325458491254,1,0.2309408548516657,4.241929151102871,57.288948204065086,0.8289425886030026,4.082723828156697,0.6574751302048114,1,0,0.5211267605633803,0.3153097345132744,0.4490908014458432,5.0270259794187275,9.39667098164525,2.2797,-3.91748402074497,-17.477707,6.8078356,47.157925,C(#Cc1cncc(N2CCC3(CCCNC3)C2)c1)c1ccccc1,reinvent_pubchem,plain
8,198,O=C(C1CC1)N1CC2(CCN(c3cncc(C#CC4CC4)c3)C2)C1,0.5921663374476595,0.6352072752797643,1,0.2867622440478963,4.302020552353271,49.88608790375038,0.7558106642632065,3.4459170966288335,0.7282314337079074,1,0,0.5074626865671642,0.4152307387601505,0.4751815048347094,5.127902025062713,7.449000011372779,2.2918000000000003,-3.664078012123568,13.460432,25.873682,32.382797,O=C(C1CC1)N1CC2(CCN(c3cncc(C#CC4CC4)c3)C2)C1,nitro_bioisostere_campaign,mol2mol_similarity
9,179,CNC(=O)N1CC2(CCN(c3cncc(N4CC(OCCc5ccccc5)C4)c3)C2)C1,0.5978622796647087,0.6338479589313717,1,0.39103805700172006,4.012464623081368,97.17071020255831,0.6191983195470576,3.2835656336401655,0.7462704851510927,0,1,0.4177215189873418,0.34657071013613105,0.392818735889418,5.394846103109279,4.028597666980578,2.381,-4.437055185103047,41.595303,27.908161,-1.8998741,c1ccc(CCOC2CN(c3cncc(N4CCC5(CNC5)C4)c3)C2)cc1,reinvent_pubchem,plain
10,173,C#Cc1cncc(N2CCC3(CN(C(=O)c4ccc5c(c4)CCO5)C3)C2)c1,0.600159014450146,0.6337134074528674,1,0.3105974960600176,4.403067383064452,39.53052816240242,0.7245839629598264,3.3139118729940655,0.7428986807784372,1,0,0.5512820512820513,0.32155314852212225,0.47087693531607616,5.394846103109279,4.028597666980577,2.3503000000000007,-4.041708263357766,43.72593,52.23548,9.758762,O=C(c1ccc2c(c1)CCO2)N1CC2(CCN(c3cccnc3)C2)C1,nitro_bioisostere_campaign,mol2mol_scaffold_generic
11,197,COc1cncc(CN2CC3(CCN(c4cncc(C#CC(C)(C)O)c4)C3)C2)c1,0.5928729927306584,0.6324127236365269,1,0.2735176649898033,4.229003439882916,59.01964054300338,0.7731624637711685,3.482886754166662,0.7241236939814819,1,0,0.48717948717948717,0.3399202481169694,0.43563875350760595,5.177869989958468,6.639417977295063,2.3199000000000005,-4.217940823892812,8.08949,15.821988,16.103558,c1cncc(CN2CC3(CCN(c4cccnc4)C3)C2)c1,nitro_bioisostere_campaign,mol2mol_scaffold_generic
12,178,NC(=O)N1CC2(CCN(c3cncc(N4CC(OCCc5ccccc5)C4)c3)C2)C1,0.5982018514158,0.6319129581096486,1,0.38909203570177553,4.003437104667529,99.21170090611619,0.6217478132898753,3.2596445455180136,0.7489283838313319,0,1,0.42857142857142855,0.2696701528559936,0.3729559820710263,5.394846103109279,4.028597666980577,2.1202999999999994,-4.156427803416529,42.475063,29.738348,-5.0238895,c1ccc(CCOC2CN(c3cncc(N4CCC5(CNC5)C4)c3)C2)cc1,reinvent_pubchem,plain
13,200,C(C#Cc1cncc(N2CCC3(CNC3)C2)c1)#Cc1ccccc1,0.5920675470032719,0.6297902858012565,1,0.3110568575227186,4.26911297601963,53.81297768955222,0.7239821508548504,3.48458311217915,0.7239352097578722,1,0,0.53125,0.4021526418786693,0.4860659246575343,4.93756474998788,11.54609828355614,2.2845000000000004,-3.715634083054318,-22.10108,-2.1964707,73.65587,C(C#Cc1cncc(N2CCC3(CNC3)C2)c1)#Cc1ccccc1,reinvent_pubchem,plain
14,100,COc1ncc(C(=O)N2CC3(CCN(c4cncc(C#CC(C)(C)O)c4)C3)C2)cc1C,0.6209109952308742,0.6237054586694916,1,0.37087739689577653,4.039542059179439,91.29730142865586,0.6456109167743542,3.548276363072741,0.7168581818808065,1,0,0.48717948717948717,0.46711396711396713,0.48015655515655514,5.3554205402388755,4.411430685362968,2.2685200000000005,-4.357160806554986,17.039904,13.5758915,18.166452,O=C(c1cccnc1)N1CC2(CCN(c3cccnc3)C2)C1,nitro_bioisostere_campaign,mol2mol_scaffold_generic
15,149,COc1ccc(NC(=O)N2CC3(CCN(c4cncc(C#CCO)c4)C3)C2)cc1,0.6054167599307277,0.622703448247187,1,0.32915245889475064,4.0351823275358285,92.2184190204959,0.7002749990000212,3.1563101611152824,0.7604099820983019,1,0,0.46987951807228917,0.2655300472653612,0.3983572032898644,5.286077958342689,5.17513926903429,2.1782000000000004,-4.116006159482016,21.114769,19.509296,25.281406,O=C(Nc1ccccc1)N1CC2(CCN(c3cccnc3)C2)C1,nitro_bioisostere_campaign,mol2mol_similarity
16,137,O=C(N1CC2(CCN(c3cncc(C#Cc4ccccc4)c3)C2)C1)C1(O)CC1,0.6074519016678855,0.6204674423403339,1,0.4072133856298357,4.084565533594171,82.3065629681907,0.5980069281031025,3.427808884812791,0.7302434572430232,1,0,0.6612903225806451,0.32773913043478264,0.5445474053295932,5.394846103109279,4.028597666980577,2.045,-3.9012823197420192,23.988655,29.739365,49.02876,O=C(C1CC1)N1CC2(CCN(c3cncc(C#Cc4ccccc4)c3)C2)C1,reinvent_pubchem,plain
17,121,COc1cc2cc(C(=O)N3CC4(CCN(c5cncc(C#CCO)c5)C4)C3)[nH]c2cc1OC,0.6147935759887984,0.618836071588915,1,0.35134291161095105,4.119876853103567,75.8792704909079,0.6712031587525096,3.4332842145171503,0.7296350872758721,1,0,0.47619047619047616,0.3073811096433289,0.41710719789897466,5.327378359326052,4.705671874934722,2.2764,-4.5602248649251385,32.872005,12.425982,36.62515,O=C(c1cc2ccccc2[nH]1)N1CC2(CCN(c3cccnc3)C2)C1,nitro_bioisostere_campaign,mol2mol_similarity
18,152,C[C@@H](O)C(=O)N1CC2(CCN(c3cncc(-c4ccc(F)cc4)c3)C2)C1,0.605184774075783,0.6157580343278237,1,0.44715709711915436,4.185658646497248,65.2140772374839,0.545676441016537,3.473309182408806,0.7251878686212438,0,1,0.40540540540540543,0.309402460456942,0.37180437467344324,5.2569823795355,5.5337256053428145,2.3072,-3.9870155067054016,12.314016,17.174341,17.263515,c1ccc(-c2cncc(N3CCC4(CNC4)C3)c2)cc1,reinvent_pubchem,plain
19,139,CC(O)C(=O)N1CC2(CCN(c3cncc(-c4ccc(F)cc4)c3)C2)C1,0.6072119628323734,0.6151763832814829,1,0.45445959176483297,4.171784813117736,67.33101894917608,0.536109400611251,3.473309182408806,0.7251878686212438,0,1,0.40540540540540543,0.3193240134489471,0.375276918220645,5.275193051661053,5.30648509047538,2.3072,-3.9870155067054016,11.863894,20.063334,17.547024,c1ccc(-c2cncc(N3CCC4(CNC4)C3)c2)cc1,reinvent_pubchem,plain
20,136,COc1cncc(C(=O)N2CC3(CCN(c4cncc(C#CC(C)(C)CO)c4)C3)C2)c1,0.6076014414338463,0.613798006646386,1,0.3571727020442448,4.143961858082119,71.78573343316079,0.6635655166403478,3.6503972254501367,0.7055114193944292,1,0,0.4935064935064935,0.3320774105154992,0.4370063144596455,5.3554205402388755,4.411430685362968,2.2077,-4.308600651207653,26.587854,35.166527,3.399016,O=C(c1cccnc1)N1CC2(CCN(c3cccnc3)C2)C1,nitro_bioisostere_campaign,mol2mol_scaffold_generic
21,165,CC(C)(O)CC(=O)N1CC2(CCN(c3cncc(C#CC4CC4)c3)C2)C1,0.6017310506693314,0.6128852342525208,1,0.3182350594021073,4.19323756751861,64.08589184071968,0.7145779471204388,3.6478440988445575,0.7057951001283824,1,0,0.4594594594594595,0.2275046776662698,0.3782752858318431,5.326324961431687,4.7170995157282825,2.0428,-3.679674663648711,5.485814,22.076916,29.250439,C(#CC1CC1)c1cncc(N2CCC3(CNC3)C2)c1,nitro_bioisostere_campaign,mol2mol_similarity
22,174,O=C(N1CC2(CCN(c3cncc(-c4ccc(F)cc4)c3)C2)C1)C1(O)CC1,0.5997777837406933,0.6125274882904104,1,0.46536503777943733,4.131900045617851,73.80740808935487,0.5218221128114405,3.230029032757381,0.752218996360291,0,1,0.3972602739726027,0.3178328774375717,0.3694606851853419,5.394846103109279,4.028597666980577,2.4513000000000007,-4.166043795745303,30.84003,24.929302,22.063755,O=C(C1CC1)N1CC2(CCN(c3cncc(-c4ccccc4)c3)C2)C1,reinvent_pubchem,plain
23,154,COC(=O)c1cc(CN2CC3(CCN(c4cncc(C#CC5CC5)c4)C3)C2)no1,0.6050469213937486,0.6120831829644222,1,0.3703545097114773,4.074678409594165,84.20184164588991,0.6462959542940404,3.6272395401699633,0.7080844955366707,1,0,0.4634146341463415,0.4331991566034119,0.45283921700631613,5.394846103109279,4.028597666980577,2.33,-4.210442499039572,42.047657,47.24236,17.97018,C(#CC1CC1)c1cncc(N2CCC3(CN(Cc4ccon4)C3)C2)c1,nitro_bioisostere_campaign,mol2mol_similarity
24,196,COc1cc2c(cc1OC)C(=O)N(CC1CCN(c3cncc(C#CCCO)c3)C1)C2,0.5931607065956497,0.6100628919623698,1,0.30558629215065103,4.221533077813684,60.04362752488316,0.7311491701398698,3.250165287918472,0.7499816346757253,1,0,0.2978723404255319,0.3497582902213553,0.31603242285407007,5.321404276240169,4.770849578299166,2.3150000000000004,-4.387787237779402,42.91064,48.423225,7.7627883,O=C1c2ccccc2CN1CC1CCN(c2cccnc2)C1,nitro_bioisostere_campaign,mol2mol_similarity
25,153,C[C@H](O)C(=O)N1CC2(CCN(c3cncc(-c4ccc(F)cc4)c3)C2)C1,0.6050570418010209,0.6093330843451065,1,0.44715709711915436,4.185658646497248,65.2140772374839,0.545676441016537,3.473309182408806,0.7251878686212438,0,1,0.40540540540540543,0.18799565907003923,0.32931199418802726,5.2569823795355,5.5337256053428145,2.3072,-3.9870155067054016,12.594943,18.90133,18.828672,c1ccc(-c2cncc(N3CCC4(CNC4)C3)c2)cc1,reinvent_pubchem,plain
26,150,COc1ncc(C(=O)N2CC3(CCN(c4cncc(C#CCCC(C)(C)O)c4)C3)C2)cn1,0.6053121075265597,0.6089365800339138,1,0.39783421204350167,4.012486207309408,97.16588098474111,0.6102946375808149,3.681324813315296,0.7020750207427449,1,0,0.5555555555555556,0.3544423440453687,0.48516593152699017,5.3554205402388755,4.411430685362968,2.1353,-4.345603160673278,24.774145,27.544134,23.70144,O=C(c1cncnc1)N1CC2(CCN(c3cccnc3)C2)C1,nitro_bioisostere_campaign,mol2mol_scaffold_generic
27,167,C(#Cc1cncc(N2CCC3(CNC3)C2)c1)Oc1ccccc1,0.6011932955093313,0.6066630471163441,1,0.35846759167473013,4.227437853257248,59.232784183816726,0.6618690742578025,3.46960664479817,0.7255992616890923,1,0,0.45714285714285713,0.2615986584684181,0.3887023876068035,5.118417651452089,7.613464876831492,2.2693000000000003,-3.657112165533201,-8.40762,14.75857,27.273596,C(#Cc1cncc(N2CCC3(CNC3)C2)c1)Oc1ccccc1,reinvent_pubchem,plain
28,148,CCCCOC1CN(c2cncc(N3CCC4(CN(C(=O)O)C4)C3)c2)C1,0.6056664629144379,0.6061985639934344,1,0.3777711849398827,4.050206551901477,89.08271570041995,0.6365793252479612,3.344416859645401,0.7395092378171777,1,0,0.44871794871794873,0.29091545597759494,0.3934870762588249,5.288991034571329,5.140542634355664,2.277,-3.889264348927951,18.278616,12.326932,-17.15391,c1ncc(N2CCC3(CNC3)C2)cc1N1CCC1,reinvent_pubchem,plain
29,195,COC(=O)c1cncc(CN2CC3(CCN(c4cncc(C#CC(C)(C)O)c4)C3)C2)c1,0.5932685528611262,0.6050254504826067,1,0.3721464727113702,4.046615254892655,89.82241864323841,0.6439482932197667,3.492290063646424,0.723078881817064,1,0,0.48148148148148145,0.32105575829585,0.42533247836651045,5.302380392493043,4.984477127902903,2.0979,-4.227164851240623,18.845118,23.959766,7.743885,c1cncc(CN2CC3(CCN(c4cccnc4)C3)C2)c1,nitro_bioisostere_campaign,mol2mol_scaffold_generic
30,107,COc1cc2[nH]ccc2cc1C(=O)N1CC2(CCN(c3cncc(C#CCO)c3)C2)C1,0.6188489134581963,0.6047752261083382,1,0.39659727132758155,3.986317416664996,103.20068580358118,0.6119151607557486,3.4638814504076674,0.7262353943991481,1,0,0.4659090909090909,0.26332412159494667,0.39500435164914044,5.327722050811909,4.701949378687338,2.2678000000000003,-4.37120946348944,26.074762,16.14883,40.606213,O=C(c1ccc2[nH]ccc2c1)N1CC2(CCN(c3cccnc3)C2)C1,nitro_bioisostere_campaign,mol2mol_similarity
31,193,C(#Cc1cncc(N2CCNCC3(CCNCC3)C2)c1)c1ccccc1,0.5940800481398663,0.6046699840865307,1,0.3687477027632177,4.064505522229167,86.19746182818066,0.6484010413558421,3.292133743814972,0.7453184729094475,1,0,0.4925373134328358,0.20706535041200946,0.3926221263755466,4.98487073835453,10.354503080437357,2.2608,-3.9004098659942,-24.636465,-1.2689927,42.15844,C(#Cc1cncc(N2CCNCC3(CCNCC3)C2)c1)c1ccccc1,reinvent_pubchem,plain
32,144,O=C1COCCN1c1ccc(CN2CC3(CCN(c4cncc(C#CC5CC5)c4)C3)C2)cn1,0.6061122001045222,0.6040464431414782,1,0.34097856939345966,4.0029314272440315,99.32728684679867,0.6847815433429905,3.642654693240555,0.7063717007510495,1,0,0.4157303370786517,0.21884047212530622,0.34681888434498076,5.288991034571329,5.140542634355664,2.3136,-4.529514637614019,21.679115,21.077938,34.821068,O=C1COCCN1c1ccc(CN2CC3(CCN(c4cncc(C#CC5CC5)c4)C3)C2)cn1,nitro_bioisostere_campaign,mol2mol_similarity
33,161,CCCCOC1CN(c2cncc(N3CCC4(CN(C(C)=O)C4)C3)c2)C1,0.6029077441535863,0.604043811958053,1,0.368423722725903,4.3676391054565045,42.890478810913,0.6488254894736274,3.322778924977329,0.7419134527802969,1,0,0.44871794871794873,0.21737012987012982,0.3677462121212121,5.394846103109279,4.028597666980577,2.1455,-3.7786916434210576,43.261566,44.96441,10.1093025,c1ncc(N2CCC3(CNC3)C2)cc1N1CCC1,reinvent_pubchem,plain
34,157,CC(C)(C)C(=O)N1CC2(CCN(c3cncc(C#CC4(O)CCOCC4)c3)C2)C1,0.6041861916060046,0.6033430316171169,1,0.3719437441975322,4.087679546511837,81.71851265069994,0.6442138890164495,3.7655440608166524,0.6927173265759274,1,0,0.4533333333333333,0.34383831463560843,0.4150100767891296,5.394846103109279,4.028597666980578,2.0594,-3.980075316980598,21.235865,18.98019,13.104838,C(#CC1CCOCC1)c1cncc(N2CCC3(CNC3)C2)c1,nitro_bioisostere_campaign,mol2mol_similarity
35,138,CC(N)C(=O)N1CC2(CCN(c3cncc(N4CC(OCCCc5ccccc5)C4)c3)C2)C1,0.6073133953582328,0.6033200558983417,1,0.35963856804252176,4.09802195626429,79.795434473521,0.6603349713562787,3.7322421135870822,0.6964175429347687,1,0,0.39285714285714285,0.35990159901599017,0.38132270251273936,5.394846103109279,4.028597666980577,2.3055000000000003,-4.549701671448573,40.94854,29.26261,3.2847953,c1ccc(CCCOC2CN(c3cncc(N4CCC5(CNC5)C4)c3)C2)cc1,reinvent_pubchem,plain
36,125,COc1ncc(C(=O)N2CC3(CCN(c4cncc(C#CC(C)C)c4)C3)C2)cn1,0.6125817876307269,0.6028352369889209,1,0.4150977074075869,3.940122300484328,114.78303386091466,0.5876776326121899,3.5615008254612217,0.7153887971709754,1,0,0.5205479452054794,0.29597303836847566,0.4419467278125281,5.3554205402388755,4.411430685362968,2.2402,-4.155481881909665,33.68574,35.09379,13.825183,O=C(c1cncnc1)N1CC2(CCN(c3cccnc3)C2)C1,nitro_bioisostere_campaign,mol2mol_scaffold_generic
37,155,CNCC(=O)N1CC2(CCN(c3cncc(N4CC(OCCCc5ccccc5)C4)c3)C2)C1,0.6048738598697608,0.6019785384992331,1,0.3749808542760155,4.0491595035397685,89.29774592463365,0.6402349535641181,3.3106069503255746,0.7432658944082695,1,0,0.39285714285714285,0.29565488727669864,0.35883635340398734,5.394846103109279,4.028597666980577,2.1777,-4.451464194773448,37.284615,32.573418,-2.5252037,c1ccc(CCCOC2CN(c3cncc(N4CCC5(CNC5)C4)c3)C2)cc1,reinvent_pubchem,plain
38,172,CC(O)C(=O)N1CC2(CCN(c3cncc(N4CC(OCCCc5ccccc5)C4)c3)C2)C1,0.6005649414121484,0.6004584777561196,1,0.36303218871507587,4.085619611707831,82.10703856584293,0.6558889693159005,3.7416913770895377,0.6953676247678291,1,0,0.4146341463414634,0.3363060510085014,0.38721931297492673,5.394846103109279,4.028597666980578,2.3390999999999997,-4.581129978864712,43.00102,39.052635,4.3163567,c1ccc(CCCOC2CN(c3cncc(N4CCC5(CNC5)C4)c3)C2)cc1,reinvent_pubchem,plain
39,82,O=C(C1CCN(c2cncc(C#Cc3ccccc3)c2)C1)N1CCC2(CNC2)C1,0.6269427217478181,0.5975307365227478,1,0.443407286988581,4.104730262074644,78.57234916512874,0.5505890889227666,3.6928643665273633,0.7007928481636263,1,0,0.5068493150684932,0.2939510081653057,0.4323349076523776,5.394846103109279,4.028597666980577,2.1296,-4.04399359771196,-3.9903514,5.649484,34.165688,O=C(C1CCN(c2cncc(C#Cc3ccccc3)c2)C1)N1CCC2(CNC2)C1,reinvent_pubchem,plain
40,116,COc1cncc(C(=O)N2CC3(CCN(c4cncc(C#CCNC(C)C)c4)C3)C2)c1,0.6165499669972628,0.5969803389135088,1,0.42522643662601484,4.013751140939224,96.88328570264258,0.574407925972385,3.5198522290672107,0.7200164189925322,1,0,0.525,0.18327880770628857,0.40539758269720105,5.3554205402388755,4.411430685362968,2.1872,-4.283436727001222,15.917598,12.298727,17.937672,O=C(c1cccnc1)N1CC2(CCN(c3cccnc3)C2)C1,nitro_bioisostere_campaign,mol2mol_scaffold_generic
41,169,C(#Cc1ccccc1)Oc1cncc(N2CCC3(CNC3)C2)c1,0.6009451387164899,0.596975962875334,1,0.3887318088421774,4.218162107284978,60.5114963862247,0.62221974857885,3.496523160635274,0.7226085377071918,1,0,0.44285714285714284,0.2650940746981185,0.38064006900148434,5.118417651452089,7.613464876831492,2.2693000000000003,-3.657112165533202,-6.706115,16.210102,29.862598,C(#Cc1ccccc1)Oc1cncc(N2CCC3(CNC3)C2)c1,reinvent_pubchem,plain
42,192,O=C(Nc1cncc(C#Cc2ccccc2)c1)N1CCC2(CNC2)C1,0.5943839442959414,0.5955166891933682,1,0.4200833194683814,3.857059397944756,138.97625420285723,0.581145953460747,3.1444238539874663,0.7617306828902816,1,0,0.4444444444444444,0.3290346352247605,0.40405101121755505,5.087879113630735,8.16809699639289,2.3086,-3.850667109575261,-8.364023,11.702163,38.61303,O=C(Nc1cncc(C#Cc2ccccc2)c1)N1CCC2(CNC2)C1,reinvent_pubchem,plain
43,145,CN1C[C@@]2(CCN(c3cncc(C#Cc4ccccc4)c3)C2)CNC1=O,0.606090147929284,0.5888509760852568,1,0.4776218873969106,3.937968916291271,115.35358167521777,0.5057643433475119,3.8441068863631056,0.6839881237374328,1,0,0.5522388059701493,0.4219786558984713,0.506647753445062,5.2569823795355,5.533725605342816,2.3329,-3.953593547027929,8.331105,24.332767,37.089092,O=C1NCC2(CCN(c3cncc(C#Cc4ccccc4)c3)C2)CN1,reinvent_pubchem,plain
44,143,CN1C[C@]2(CCN(c3cncc(C#Cc4ccccc4)c3)C2)CNC1=O,0.6062164209258002,0.5849031969636515,1,0.4776218873969106,3.937968916291271,115.35358167521777,0.5057643433475119,3.8441068863631056,0.6839881237374328,1,0,0.5522388059701493,0.3458207831325302,0.47999249797698257,5.2569823795355,5.533725605342816,2.3329,-3.953593547027929,6.932884,24.753237,36.271854,O=C1NCC2(CCN(c3cncc(C#Cc4ccccc4)c3)C2)CN1,reinvent_pubchem,plain
45,158,COc1cncc(C#Cc2ccccc2)c1N1CCC2(CNC2)C1,0.6036754566238625,0.5745055608103128,1,0.4309132174658492,4.264896464898484,54.33798569308436,0.566957641554457,3.3993987320522345,0.733400140883085,1,0,0.35526315789473684,0.1586476982097187,0.2864477470049805,5.196914598910254,6.354558776921147,2.2897,-3.755749006222829,0.6666325,23.374187,23.822712,C(#Cc1cnccc1N1CCC2(CNC2)C1)c1ccccc1,reinvent_pubchem,plain
46,131,COc1c(N2CCC(C(C)(C)O)C2)c(N)cc2c(=O)c(C(=O)O)cn(C3CC3)c12,0.611084940204261,0.552359420443008,1,0.4684929403257518,3.9847397971597327,103.57625467379084,0.5177242296227009,3.3508105959908807,0.7387988226676799,1,0,0.13131313131313133,0.2684014869888476,0.179294055799632,5.255598155123872,5.5513913565251904,2.2226,-4.172188368654264,-1.2936577,6.6539407,4.768758,O=c1ccn(C2CC2)c2cc(N3CCCC3)ccc12,reinvent,plain
47,17,O=C(c1cc([N+](=O)[O-])cc([N+](=O)[O-])c1)N1CC2(CCN(c3cncc(C#Cc4cncnc4)c3)C2)C1,0.7030519267977797,0.6669584329626332,0,0.1725823786415765,5.483803290079994,3.2824393469178363,0.905398365290664,3.6097909496134317,0.7100232278207298,3,0,0.8305084745762712,0.32723673792557406,0.6543633667485271,6.107762555795457,0.7802565878921076,2.4403000000000006,-4.958790806783569,23.456493,7.1529694,35.6727,O=C(c1ccccc1)N1CC2(CCN(c3cncc(C#Cc4cncnc4)c3)C2)C1,reinvent_pubchem,plain
48,1,C#CC#Cc1cncc(N2CCC3(CN(C(=O)c4cc([N+](=O)[O-])cc([N+](=O)[O-])c4)C3)C2)c1,0.729254019680977,0.6609427125130043,0,0.21000977351624178,5.443410382992679,3.60238078135929,0.8563645191320212,3.6307569481467556,0.7076936724281382,3,0,0.7741935483870968,0.311052932995173,0.6120943329999234,6.071809280192623,0.8475995545675238,2.2352,-4.39589872880976,17.242805,6.723849,59.520752,O=C(c1ccccc1)N1CC2(CCN(c3cccnc3)C2)C1,reinvent_pubchem,plain
49,20,O=C(c1cc([N+](=O)[O-])cc([N+](=O)[O-])c1)N1CC2(CCN(c3cncc(C#Cc4cnccn4)c3)C2)C1,0.6988596699253518,0.65806417156752,0,0.16364622074794066,5.4921007156591175,3.2203218915041645,0.9171056773510735,3.615872397577231,0.7093475113803076,3,0,0.7538461538461538,0.28946745562130183,0.5913136094674556,6.071809280192623,0.8475995545675238,2.4403000000000006,-4.958790806783569,25.971325,11.125093,46.386604,O=C(c1ccccc1)N1CC2(CCN(c3cncc(C#Cc4cnccn4)c3)C2)C1,reinvent_pubchem,plain
50,16,Cn1cc(C#Cc2cncc(N3CCC4(CN(C(=O)c5cc([N+](=O)[O-])cc([N+](=O)[O-])c5)C4)C3)c2)cn1,0.7052398245910054,0.6554259925113599,0,0.17577527498173628,5.460858587166592,3.4605203924618992,0.9012153333572855,3.6668432725380296,0.7036840808291078,3,0,0.765625,0.24544659769779975,0.58356255919423,6.071809280192623,0.8475995545675238,2.383800000000001,-4.918379586724503,30.577307,11.526679,49.991356,O=C(c1ccccc1)N1CC2(CCN(c3cncc(C#Cc4cn[nH]c4)c3)C2)C1,reinvent_pubchem,plain
51,27,O=C(c1cc([N+](=O)[O-])cc([N+](=O)[O-])c1)N1CC2(CCN(c3cncc(C#CCN4CCC4)c3)C2)C1,0.6771004001955166,0.6516509348371795,0,0.1680378627193053,5.392996829910266,4.04578844870037,0.9113521618438134,3.5149139939912626,0.7205651117787486,3,0,0.7285714285714285,0.3699021207177814,0.6030371708226521,5.811767914163721,1.5425245538220789,2.3077000000000005,-4.730704698247877,32.74064,10.670539,38.888657,O=C(c1ccccc1)N1CC2(CCN(c3cncc(C#CCN4CCC4)c3)C2)C1,reinvent_pubchem,plain
52,77,O=C(c1cc([N+](=O)[O-])cc([N+](=O)[O-])c1)N1CC2(CCN(c3cncc(C#CCN4CCCC4)c3)C2)C1,0.6293521903888268,0.6510898061266436,0,0.10037322077540169,5.569097477532485,2.6971339919325685,1.0,3.509202714319313,0.7211996984089653,3,0,0.7285714285714285,0.3834906842676915,0.6077931680651206,5.811767914163721,1.5425245538220789,2.697800000000001,-5.108745160165633,33.088398,6.5715637,40.228374,O=C(c1ccccc1)N1CC2(CCN(c3cncc(C#CCN4CCCC4)c3)C2)C1,reinvent_pubchem,plain
53,15,O=C(c1cc([N+](=O)[O-])cc([N+](=O)[O-])c1)N1CC2(CCN(c3cncc(C#Cc4ccncn4)c3)C2)C1,0.7054119122121865,0.6497581485629006,0,0.21299489455098114,5.367374123256175,4.29166561671454,0.8524536948261217,3.6364570129618476,0.7070603318931281,3,0,0.7692307692307693,0.3055922843587151,0.6069572995255503,6.107762555795457,0.7802565878921076,2.4403000000000006,-4.958790806783569,25.37544,9.920959,51.996178,O=C(c1ccccc1)N1CC2(CCN(c3cncc(C#Cc4ccncn4)c3)C2)C1,reinvent_pubchem,plain
54,10,O=C(c1cc([N+](=O)[O-])cc([N+](=O)[O-])c1)N1CC2(CCN(c3cncc(C#Cc4cn[nH]c4)c3)C2)C1,0.7096074031876617,0.6495219233061466,0,0.1940858193477243,5.413871622422316,3.8559232202576945,0.8772265834448355,3.7044143365058897,0.6995095181660123,3,0,0.765625,0.20302438318500837,0.568714784114753,6.071809280192623,0.8475995545675238,2.3734,-4.823644186432861,24.21737,10.988835,53.15987,O=C(c1ccccc1)N1CC2(CCN(c3cncc(C#Cc4cn[nH]c4)c3)C2)C1,reinvent_pubchem,plain
55,13,Cn1ccc(C#Cc2cncc(N3CCC4(CN(C(=O)c5cc([N+](=O)[O-])cc([N+](=O)[O-])c5)C4)C3)c2)n1,0.7069994454113377,0.649144839721797,0,0.2150603288104657,5.3494072643512816,4.472936529762276,0.8497477574754324,3.6856740417688005,0.7015917731368,3,0,0.746268656716418,0.3503914297486609,0.607711627277703,6.071809280192623,0.8475995545675238,2.383800000000001,-4.918379586724503,28.09635,10.268901,53.582478,O=C(c1ccccc1)N1CC2(CCN(c3cncc(C#Cc4cc[nH]n4)c3)C2)C1,reinvent_pubchem,plain
56,22,O=C(c1cc([N+](=O)[O-])cc([N+](=O)[O-])c1)N1CC2(CCN(c3cncc(C#Cc4ncccn4)c3)C2)C1,0.6983658498100169,0.6487150427811852,0,0.21553313854658923,5.311034481217933,4.886135638703331,0.8491283267097853,3.6257995468984987,0.7082444947890557,3,0,0.8064516129032258,0.2795682102628285,0.6220424219790868,6.071809280192623,0.8475995545675238,2.4403000000000006,-4.958790806783569,28.28857,12.648546,48.72094,O=C(c1ccccc1)N1CC2(CCN(c3cncc(C#Cc4ncccn4)c3)C2)C1,reinvent_pubchem,plain
57,26,O=[N+]([O-])c1cc(CN2CC3(CCN(c4cncc(C#CCN5CCOCC5)c4)C3)C2)cc([N+](=O)[O-])c1,0.6786597023152867,0.6475133783268244,0,0.15617889194564913,5.4698731779581955,3.3894311936480084,0.9268886679368119,3.574603570972654,0.713932936558594,3,0,0.7,0.29203473008682523,0.5572121555303888,5.811767914163721,1.5425245538220789,2.2940000000000005,-4.819139264348533,32.227062,14.622709,44.126595,C(#Cc1cncc(N2CCC3(CN(Cc4ccccc4)C3)C2)c1)CN1CCOCC1,reinvent_pubchem,plain
58,12,Cn1nccc1C#Cc1cncc(N2CCC3(CN(C(=O)c4cc([N+](=O)[O-])cc([N+](=O)[O-])c4)C3)C2)c1,0.7072917887704834,0.6469569695040138,0,0.21583453591782334,5.343050384407752,4.538889559469315,0.8487334642732411,3.710676631258517,0.6988137076379426,3,0,0.746268656716418,0.31829163744057365,0.5964766999698725,6.071809280192623,0.8475995545675238,2.383800000000001,-4.918379586724503,28.109217,10.170671,54.852386,O=C(c1ccccc1)N1CC2(CCN(c3cncc(C#Cc4ccn[nH]4)c3)C2)C1,reinvent_pubchem,plain
59,40,CC(=O)N1CC2(CCN(c3cncc(C#Cc4cc([N+](=O)[O-])cc([N+](=O)[O-])c4)c3)C2)C1,0.6620885551217048,0.6456410430419733,0,0.14715462082143366,5.520749198311191,3.0147465142652554,0.9387114176494346,3.5618005133410753,0.7153554985176582,3,0,0.6935483870967742,0.3455056179775281,0.5717334179050381,5.711729319827889,1.9420959391941166,2.3564000000000007,-4.428291609783185,25.964087,21.561487,54.42934,C(#Cc1cncc(N2CCC3(CNC3)C2)c1)c1ccccc1,reinvent_pubchem,plain
60,23,O=C(c1cc([N+](=O)[O-])cc([N+](=O)[O-])c1)N1CC2(CCN(c3cncc(C#Cc4ccnnc4)c3)C2)C1,0.6983248200198365,0.6438628920704439,0,0.23066143714582202,5.307451218812799,4.926616773979184,0.8293086553529921,3.680969682645105,0.7021144797060994,3,0,0.7936507936507936,0.3042496886674969,0.6223604069066397,6.071809280192623,0.8475995545675238,2.4403000000000006,-4.958790806783569,27.41393,10.557432,45.216496,O=C(c1ccccc1)N1CC2(CCN(c3cncc(C#Cc4ccnnc4)c3)C2)C1,reinvent_pubchem,plain
61,7,O=C(c1cc([N+](=O)[O-])cc([N+](=O)[O-])c1)N1CC2(CCN(c3cncc(C#Cc4cc[nH]n4)c3)C2)C1,0.7128834469759271,0.6425684029335869,0,0.2452941656001711,5.267747885317138,5.398239077242318,0.8101382333047982,3.8346227281142813,0.6850419190984132,3,0,0.7575757575757576,0.3574753000734874,0.617540597449963,6.071809280192623,0.8475995545675238,2.3734,-4.823644186432861,21.381178,8.659559,62.201805,O=C(c1ccccc1)N1CC2(CCN(c3cncc(C#Cc4cc[nH]n4)c3)C2)C1,reinvent_pubchem,plain
62,52,Cc1ncc(C#Cc2cncc(N3CCC4(CN(C(=O)c5cc([N+](=O)[O-])cc([N+](=O)[O-])c5)C4)C3)c2)cn1,0.6424854118877504,0.6423023891589615,0,0.15406966236166916,5.462309199327042,3.448980990250412,0.9296519817950292,3.62209868417811,0.7086557017579878,3,0,0.7777777777777778,0.3284978942442677,0.6205298185410493,5.9306816277319285,1.173054992682967,2.7487200000000014,-5.274550735314428,20.189926,2.707068,37.443817,O=C(c1ccccc1)N1CC2(CCN(c3cncc(C#Cc4cncnc4)c3)C2)C1,reinvent_pubchem,plain
63,3,CNCC#Cc1cncc(N2CCC3(CN(Cc4cc([N+](=O)[O-])cc([N+](=O)[O-])c4)C3)C2)c1,0.7197304322464547,0.6356446713423094,0,0.27569624853706004,5.275475554912454,5.303034409228356,0.7703082888851616,3.6058617363922174,0.7104598070675314,3,0,0.7575757575757576,0.2525377760557923,0.5808124640437697,6.071809280192623,0.8475995545675238,2.1812,-4.382437956746296,14.505023,-4.254146,30.117085,c1ccc(CN2CC3(CCN(c4cccnc4)C3)C2)cc1,reinvent_pubchem,plain
64,19,O=C(c1cc([N+](=O)[O-])cc([N+](=O)[O-])c1)N1CC2(CCN(c3cncc(C#Cc4cccnn4)c3)C2)C1,0.6995698958683543,0.6347070761797807,0,0.24908747585247137,5.25442722578654,5.566379015995093,0.8051685956378922,3.642243890789901,0.7064173454677888,3,0,0.7727272727272727,0.2388931008339651,0.5858853125646151,6.071809280192623,0.8475995545675238,2.4403000000000006,-4.958790806783569,24.067484,8.292989,44.24364,O=C(c1ccccc1)N1CC2(CCN(c3cncc(C#Cc4cccnn4)c3)C2)C1,reinvent_pubchem,plain
65,67,O=C(c1cc([N+](=O)[O-])cc([N+](=O)[O-])c1)N1CC2(CCN(c3cncc(C#Cc4ccncc4)c3)C2)C1,0.6320461298608068,0.6312553951826838,0,0.22423540352910032,5.373458599106896,4.231958506645597,0.8377274391029101,3.4938416283464626,0.722906485739282,3,0,0.864406779661017,0.3462061245702407,0.6830365503792454,6.107762555795457,0.7802565878921075,3.045300000000001,-5.400969029793233,25.803196,11.004225,61.201317,O=C(c1ccccc1)N1CC2(CCN(c3cncc(C#Cc4ccncc4)c3)C2)C1,reinvent_pubchem,curriculum_learning
66,30,O=[N+]([O-])c1cc(CN2CC3(CCN(c4cncc(C#CC5(O)CC5)c4)C3)C2)cc([N+](=O)[O-])c1,0.6742628290343611,0.6310262783055669,0,0.20595008938941406,5.348003366615846,4.487419113084938,0.8616831347501843,3.6397596681569437,0.706693370204784,3,0,0.6911764705882353,0.29696777768981075,0.5532034280737868,5.884273094995402,1.3053497941104732,2.486700000000001,-4.693574595520467,16.086246,-1.4047344,44.132267,C(#CC1CC1)c1cncc(N2CCC3(CN(Cc4ccccc4)C3)C2)c1,reinvent_pubchem,plain
67,34,CC#Cc1cncc(N2CC3(CCN(C(=O)c4cc([N+](=O)[O-])cc([N+](=O)[O-])c4)C3)C2)c1,0.670643765215594,0.6300545346516693,0,0.2449795682202824,5.350492073158834,4.461777682442419,0.8105503891489073,3.4667659874018977,0.7259148902886781,3,0,0.7142857142857143,0.4029878104665017,0.6053314479489899,6.071809280192623,0.8475995545675238,2.621900000000001,-4.621754498563735,38.683044,19.542736,33.60213,O=C(c1ccccc1)N1CCC2(C1)CN(c1cccnc1)C2,reinvent_pubchem,plain
68,37,Cn1cc(C#Cc2cncc(N3CCC4(CN(Cc5cc([N+](=O)[O-])cc([N+](=O)[O-])c5)C4)C3)c2)cn1,0.6686740857607955,0.6295948952818118,0,0.20773355941621185,5.381474064005202,4.154568615162382,0.8593466003690071,3.6901961546877073,0.7010893161458103,3,0,0.6956521739130435,0.3288848861961683,0.5672836232121372,6.107762555795457,0.7802565878921076,2.7436000000000007,-5.095051348953554,27.897776,12.72198,60.03829,C(#Cc1cncc(N2CCC3(CN(Cc4ccccc4)C3)C2)c1)c1cn[nH]c1,reinvent_pubchem,plain
69,5,CC(O)C#Cc1cncc(N2CCC3(CN(Cc4cc([N+](=O)[O-])cc([N+](=O)[O-])c4)C3)C2)c1,0.7174300706788682,0.6286675630477901,0,0.2758437628592739,5.230268906728331,5.884791676271058,0.7701150295197727,3.9937932947791666,0.6673563005800927,3,0,0.6956521739130435,0.3760570824524313,0.5837938919018292,6.071809280192623,0.8475995545675238,2.3426,-4.512103740837561,13.22334,-2.3125503,36.263588,c1ccc(CN2CC3(CCN(c4cccnc4)C3)C2)cc1,reinvent_pubchem,plain
70,38,C#Cc1cncc(N2CC3(CCN(C(=O)c4cc([N+](=O)[O-])cc([N+](=O)[O-])c4)C3)C2)c1,0.6652233277842768,0.6284992783485557,0,0.21363288835758762,5.337014860081702,4.602408254345061,0.8516178554558405,3.4154340081987913,0.7316184435334676,3,0,0.6825396825396826,0.30087601078167114,0.5489573974243785,5.711729319827889,1.9420959391941166,2.2318,-4.245154507444304,33.632736,17.31167,21.00474,O=C(c1ccccc1)N1CCC2(C1)CN(c1cccnc1)C2,reinvent_pubchem,plain
71,184,O=C(c1cc([N+](=O)[O-])cc([N+](=O)[O-])c1)N1CC2(CCN(c3cncc(C#Cc4cncc(F)c4)c3)C2)C1,0.5965997829549478,0.6278599352788041,0,0.13841577038003539,5.516040979094724,3.047607410369597,0.9501602360772692,3.5938911397994113,0.7117898733556209,3,0,0.8032786885245902,0.26856803327391565,0.6161299591868541,5.981262413033174,1.044089160329687,3.184400000000002,-5.617359550072565,30.796906,9.9903555,65.17693,O=C(c1ccccc1)N1CC2(CCN(c3cncc(C#Cc4cccnc4)c3)C2)C1,reinvent_pubchem,plain
72,4,C[C@H](O)C#Cc1cncc(N2CCC3(CN(Cc4cc([N+](=O)[O-])cc([N+](=O)[O-])c4)C3)C2)c1,0.7179531602671696,0.627608982442083,0,0.2758437628592739,5.230268906728331,5.884791676271058,0.7701150295197727,3.9937932947791666,0.6673563005800927,3,0,0.6956521739130435,0.35190819786142746,0.5753417822949779,6.071809280192623,0.8475995545675238,2.3426,-4.512103740837561,12.570406,-3.2887352,36.81881,c1ccc(CN2CC3(CCN(c4cccnc4)C3)C2)cc1,reinvent_pubchem,plain
73,21,O=C(c1cc([N+](=O)[O-])cc([N+](=O)[O-])c1)N1CC2(CCN(c3cncc(C#Cc4cccnc4)n3)C2)C1,0.6986499791461873,0.6269500277731496,0,0.25959245831921507,5.1804173066219805,6.600589031507137,0.7914059574447055,3.589123528798951,0.7123196079112277,3,0,0.6666666666666666,0.33068387502951124,0.5490726895936623,6.071809280192623,0.8475995545675238,2.4403000000000006,-4.958790806783569,27.272045,11.200174,47.20216,O=C(c1ccccc1)N1CC2(CCN(c3cncc(C#Cc4cccnc4)n3)C2)C1,reinvent_pubchem,plain
74,29,O=C(c1cc([N+](=O)[O-])cc([N+](=O)[O-])c1)N1CC2(C1)CN(c1cncc(C#Cc3ccncc3)c1)C2,0.6754169597297602,0.6260950234667915,0,0.25112126266876544,5.274935104189885,5.309637792253562,0.8025041197852825,3.450252455529723,0.7277497271633642,3,0,0.7377049180327869,0.27311861019294337,0.5750997102888417,6.071809280192623,0.8475995545675238,2.6552000000000007,-5.024958322182208,25.4436,11.175978,58.27005,O=C(c1ccccc1)N1CC2(C1)CN(c1cncc(C#Cc3ccncc3)c1)C2,reinvent_pubchem,plain
75,47,O=C(c1cc([N+](=O)[O-])cc([N+](=O)[O-])c1)N1CC2(CCN(c3ncnc(C#Cc4ccccc4)n3)C2)C1,0.6481662741646409,0.6259295577489241,0,0.19135989568283646,5.275926588583828,5.297529836663023,0.880797831779696,3.5393873297039278,0.7178458522551192,3,0,0.6764705882352942,0.3213470768746558,0.5521773592590707,5.711729319827889,1.9420959391941166,2.4403000000000006,-4.958790806783569,34.12383,15.870913,54.68336,O=C(c1ccccc1)N1CC2(CCN(c3ncnc(C#Cc4ccccc4)n3)C2)C1,reinvent_pubchem,plain
76,60,O=C(c1cc([N+](=O)[O-])cc([N+](=O)[O-])c1)N1CC2(CCN(c3cncc(C#CC4CC4)c3)C2)C1,0.6341632213086066,0.623867221320682,0,0.19640324418480787,5.489045731430602,3.243054660202117,0.8741905117832545,3.5437636815348696,0.7173595909405701,3,0,0.7741935483870968,0.2338289682240169,0.5850659453300188,6.107762555795457,0.7802565878921076,3.0120000000000013,-5.073293876546985,27.392435,11.2243595,46.607807,O=C(c1ccccc1)N1CC2(CCN(c3cncc(C#CC4CC4)c3)C2)C1,reinvent_pubchem,plain
77,35,C#Cc1cncc(N2CCC3(CCN(C(=O)c4cc([N+](=O)[O-])cc([N+](=O)[O-])c4)C3)C2)c1,0.6703008385476493,0.6237592273080684,0,0.22235303227425907,5.409679015388865,3.89332792360959,0.8401935445540757,3.820393134565782,0.6866229850482465,3,0,0.6984126984126984,0.3145047071565442,0.5640449014730444,6.071809280192623,0.8475995545675238,2.621900000000001,-4.621754498563735,35.18723,17.345703,25.144112,O=C(c1ccccc1)N1CCC2(CCN(c3cccnc3)C2)C1,reinvent_pubchem,plain
78,66,NS(=O)(=O)c1cccc(C#Cc2cncc(N3CCC4(CN(C(=O)c5cc([N+](=O)[O-])cc([N+](=O)[O-])c5)C4)C3)c2)c1,0.6321375676372293,0.6235340003053375,0,0.20632922643623386,5.171175649403634,6.742552715511292,0.8611864251157292,3.54784722862197,0.7169058634864478,3,0,0.7761194029850746,0.29017460787215155,0.6060387246955515,5.424932304046057,3.7589599277096304,2.2977000000000007,-5.338221106997359,33.11712,3.7708702,78.02326,O=C(c1ccccc1)N1CC2(CCN(c3cncc(C#Cc4ccccc4)c3)C2)C1,reinvent_pubchem,plain
79,45,O=C(c1cc([N+](=O)[O-])cc([N+](=O)[O-])c1)N1CC2(CCN(c3cnnc(C#Cc4ccccc4)n3)C2)C1,0.6503045687291364,0.6216176707082186,0,0.21330509036969253,5.232586436153412,5.8534722505948995,0.8520473054927288,3.5815529405636557,0.713160784381816,3,0,0.6911764705882353,0.3185249253027206,0.5607484297383052,5.711729319827889,1.9420959391941166,2.4403000000000006,-4.958790806783569,28.032166,9.827078,50.329037,O=C(c1ccccc1)N1CC2(CCN(c3cnnc(C#Cc4ccccc4)n3)C2)C1,reinvent_pubchem,plain
80,199,O=C(c1cc([N+](=O)[O-])cc([N+](=O)[O-])c1)N1CC2(CCN(c3cncc(C#Cc4ccc(F)cn4)c3)C2)C1,0.5921627019131683,0.6215993212186692,0,0.14994767078647409,5.45966050053474,3.470080097774768,0.9350522267611074,3.5794565244147964,0.7133937195094671,3,0,0.7575757575757576,0.32097334878331407,0.6047649144984023,5.9306816277319285,1.173054992682967,3.184400000000001,-5.617359550072564,29.579615,9.484224,74.46008,O=C(c1ccccc1)N1CC2(CCN(c3cncc(C#Cc4ccccn4)c3)C2)C1,reinvent_pubchem,plain
81,76,O=C(c1cc([N+](=O)[O-])cc([N+](=O)[O-])c1)N1CC2(CCN(c3cncc(C#Cc4ccccn4)c3)C2)C1,0.629416163510517,0.6204929831457727,0,0.23454684927976602,5.319069440694165,4.796567486970028,0.8242183544790808,3.493532126084019,0.7229408748795534,3,0,0.8125,0.309008868834604,0.6362781040921115,6.107762555795457,0.7802565878921075,3.045300000000001,-5.400969029793233,31.19405,15.936048,61.20503,O=C(c1ccccc1)N1CC2(CCN(c3cncc(C#Cc4ccccn4)c3)C2)C1,reinvent_pubchem,curriculum_learning
82,134,CS(=O)(=O)c1ccc(C#Cc2cncc(N3CCC4(CN(C(=O)c5cc([N+](=O)[O-])cc([N+](=O)[O-])c5)C4)C3)c2)cc1,0.6082238555935914,0.6203926489535256,0,0.19697724238625605,5.318052752702724,4.8078094560148035,0.8734385134248488,3.498914172488913,0.7223428697234542,3,0,0.796875,0.3117840204304998,0.6270931571506749,5.908757232201493,1.2337943235249924,3.0538000000000016,-5.892466264205734,23.668575,0.91354144,80.36592,O=C(c1ccccc1)N1CC2(CCN(c3cncc(C#Cc4ccccc4)c3)C2)C1,reinvent_pubchem,plain
83,181,O=C(c1cc([N+](=O)[O-])cc([N+](=O)[O-])c1)N1CC2(CCN(c3cncc(C#Cc4ccc(F)nc4)c3)C2)C1,0.5976329552381845,0.6202608330290861,0,0.15978117720285503,5.449476532624134,3.5524131365183207,0.9221692932190982,3.58790267826095,0.7124552579710055,4,0,0.7692307692307693,0.2839143541779392,0.5993700239622787,5.981262413033174,1.044089160329687,3.184400000000001,-5.617359550072564,28.14125,7.8529572,64.26155,O=C(c1ccccc1)N1CC2(CCN(c3cncc(C#Cc4cccnc4)c3)C2)C1,reinvent_pubchem,plain
84,94,CC#Cc1cncc(N2CCC3(CCN(C(=O)c4cc([N+](=O)[O-])cc([N+](=O)[O-])c4)C3)C2)c1,0.6223412105332897,0.6198847772456472,0,0.1759710935182942,5.51790380448771,3.034563260522725,0.9009587903617405,3.872470961157731,0.6808365598713633,3,0,0.7301587301587301,0.3322014245486169,0.5908736731951905,6.071809280192623,0.8475995545675238,3.0120000000000013,-4.998698238396402,40.23469,19.33555,37.956776,O=C(c1ccccc1)N1CCC2(CCN(c3cccnc3)C2)C1,reinvent_pubchem,plain
85,32,O=C(c1cc([N+](=O)[O-])cc([N+](=O)[O-])c1)N1CC2(C1)CN(c1cncc(C#Cc3ccccn3)c1)C2,0.6725802949845497,0.6198569592826386,0,0.25654772436194795,5.246566635170769,5.668045982356261,0.7953948809846576,3.449930320521874,0.727785519942014,3,0,0.696969696969697,0.278542698019802,0.5505202473372337,6.071809280192623,0.8475995545675238,2.6552000000000007,-5.024958322182208,31.316748,16.522306,58.378925,O=C(c1ccccc1)N1CC2(C1)CN(c1cncc(C#Cc3ccccn3)c1)C2,reinvent_pubchem,plain
86,39,O=C(c1cc([N+](=O)[O-])cc([N+](=O)[O-])c1)N1CC2(CCN(c3n[nH]c(C#Cc4ccccc4)n3)C2)C1,0.6621450323279084,0.6197744722776057,0,0.2280294066581477,5.229496622948678,5.89526561175572,0.8327568936941768,3.6245835672751197,0.7083796036360979,3,0,0.6764705882352942,0.3076620516047829,0.5473876004146152,5.711729319827889,1.9420959391941166,2.3734,-4.823644186432861,23.827469,2.6353111,51.64083,O=C(c1ccccc1)N1CC2(CCN(c3n[nH]c(C#Cc4ccccc4)n3)C2)C1,reinvent_pubchem,plain
87,78,O=C(c1cc([N+](=O)[O-])cc([N+](=O)[O-])c1)N1CC2(CCN(c3cncc(C#Cc4cccnc4)c3)C2)C1,0.6293135734557532,0.6197144754423153,0,0.26881438886141185,5.1891889740075055,6.468610866574919,0.7793242529871546,3.485333031061394,0.7238518854376228,3,0,0.8666666666666667,0.36278881232265914,0.6903094176462641,6.107762555795457,0.7802565878921075,3.045300000000002,-5.400969029793234,27.12641,12.452687,51.777515,O=C(c1ccccc1)N1CC2(CCN(c3cncc(C#Cc4cccnc4)c3)C2)C1,reinvent_pubchem,plain
88,46,O=C(c1cc([N+](=O)[O-])cc([N+](=O)[O-])c1)N1CC2(CCN(c3nncc(C#Cc4ccccc4)n3)C2)C1,0.6484500042105019,0.61709026037558,0,0.23655595822733455,5.2022395048165,6.277120925395946,0.8215862092447964,3.5467285061745155,0.7170301659806093,3,0,0.7014925373134329,0.33224703918607423,0.5722566129688573,5.711729319827889,1.9420959391941166,2.4403000000000006,-4.958790806783569,32.13465,11.691302,49.056915,O=C(c1ccccc1)N1CC2(CCN(c3nncc(C#Cc4ccccc4)n3)C2)C1,reinvent_pubchem,plain
89,84,O=C(c1cccnc1)N1CC2(CCN(c3cncc(C#Cc4cc([N+](=O)[O-])cc([N+](=O)[O-])c4)c3)C2)C1,0.6260786317453587,0.6163182145653053,0,0.23969253921853162,5.2637235128668,5.448494127392604,0.8174769563753004,3.5413475106994046,0.7176280543667328,3,0,0.7777777777777778,0.3602634115001606,0.6316477495806118,6.071809280192623,0.8475995545675238,3.045300000000001,-5.400969029793233,27.021877,14.342374,61.32912,O=C(c1cccnc1)N1CC2(CCN(c3cncc(C#Cc4ccccc4)c3)C2)C1,reinvent_pubchem,plain
90,31,O=C(c1cc([N+](=O)[O-])cc([N+](=O)[O-])c1)N1CC2(C1)CN(c1cncc(C#Cc3cccnc3)c1)C2,0.6727717849891971,0.6163020617655113,0,0.28794004536525003,5.1270043171339434,7.464413383221086,0.7542676199558492,3.4413965685595507,0.7287337146044943,3,0,0.7419354838709677,0.2798296554394115,0.580198443919923,6.071809280192623,0.8475995545675238,2.6552000000000007,-5.024958322182208,26.726923,12.611603,49.185448,O=C(c1ccccc1)N1CC2(C1)CN(c1cncc(C#Cc3cccnc3)c1)C2,reinvent_pubchem,plain
91,62,O=C(c1cc([N+](=O)[O-])cc([N+](=O)[O-])c1)N1CCC2(C1)CN(c1cncc(C#Cc3ccncc3)c1)C2,0.6329356075055228,0.6159480603842049,0,0.22067978776934563,5.360428525019718,4.360853278076226,0.8423856718425089,3.4844466057220282,0.7239503771419968,3,0,0.7741935483870968,0.19467153284671534,0.5713608429479632,6.107762555795457,0.7802565878921075,3.045300000000002,-5.400969029793234,24.376415,9.171752,61.55083,O=C(c1ccccc1)N1CCC2(C1)CN(c1cncc(C#Cc3ccncc3)c1)C2,reinvent_pubchem,plain
92,96,O=C(CS(=O)(=O)c1cc([N+](=O)[O-])cc([N+](=O)[O-])c1)N1CC2(CCN(c3cncc(C#Cc4ccccc4)c3)C2)C1,0.6216724281867664,0.6147466374435022,0,0.19302870046525686,5.263695796250726,5.448841860659198,0.8786115209973391,3.600117227879469,0.7110980857911702,3,0,0.7205882352941176,0.25587230779953996,0.5579376606710155,5.820965540013625,1.5101999793248753,2.8104000000000013,-5.708491278640001,27.309284,10.06605,72.47833,O=C(CS(=O)(=O)c1ccccc1)N1CC2(CCN(c3cncc(C#Cc4ccccc4)c3)C2)C1,reinvent_pubchem,plain
93,43,CC#Cc1cncc(N2CC3(CN(Cc4cc([N+](=O)[O-])cc([N+](=O)[O-])c4)C3)C2)c1,0.6527481275614099,0.6143798733439334,0,0.22461170100550681,5.3229727337971555,4.75365069733341,0.8372344496060513,3.4769053001328913,0.7247882999852343,3,0,0.6363636363636364,0.2870482448556113,0.5141032493358276,5.905477380258664,1.243147382096575,2.591600000000001,-4.421954587474357,38.83144,25.854633,40.67875,c1ccc(CN2CC3(C2)CN(c2cccnc2)C3)cc1,reinvent_pubchem,plain
94,81,O=C(c1cc([N+](=O)[O-])c[n+]([O-])c1)N1CC2(CCN(c3cncc(C#Cc4ccccc4)c3)C2)C1,0.6271522926734502,0.6137552131438874,0,0.2549427486930133,4.708119105054409,19.583075349474406,0.7974975688768404,3.65364134018615,0.7051509622015388,5,0,0.8125,0.3505407232173031,0.6508142531260561,5.5412607797544045,2.8756711489225864,2.3755000000000006,-4.728394649185527,29.203297,34.550995,36.115982,O=C(c1ccc[nH+]c1)N1CC2(CCN(c3cncc(C#Cc4ccccc4)c3)C2)C1,reinvent_pubchem,plain
95,41,C#Cc1cncc(N2CCCC3(CN(C(=O)c4cc([N+](=O)[O-])cc([N+](=O)[O-])c4)C3)C2)c1,0.6587805759780454,0.6132923153675877,0,0.24889378658184247,5.309935092206976,4.898520250832582,0.8054223490698478,3.4256654507292703,0.7304816165856367,3,0,0.6875,0.230326146181988,0.5274891511636958,6.0212284948913775,0.9522950022461045,2.621900000000001,-4.621754498563735,42.004963,25.005917,20.618923,O=C(c1ccccc1)N1CC2(CCCN(c3cccnc3)C2)C1,reinvent_pubchem,plain
96,88,O=C(c1cc([N+](=O)[O-])cc([N+](=O)[O-])c1)N1CC2(CCN(c3cncc(C#Cc4nccs4)c3)C2)C1,0.6233523263132938,0.6124795484244071,0,0.1881996696138197,5.439808880575365,3.6323786923360784,0.8849380622021877,3.671892658184211,0.7031230379795321,3,0,0.7313432835820896,0.17860151642796962,0.5378836650781476,6.107762555795457,0.7802565878921075,3.1068000000000016,-5.480367826243653,27.642078,13.074755,61.661358,O=C(c1ccccc1)N1CC2(CCN(c3cncc(C#Cc4nccs4)c3)C2)C1,reinvent_pubchem,plain
97,113,O=C(c1cc([N+](=O)[O-])cc([N+](=O)[O-])c1)N1CC2(C1)CN(c1cncc(C#Cc3ccccc3)c1)S(=O)(=O)C2,0.6180515432787217,0.6121287536351395,0,0.19603360490104074,5.210102410913809,6.164496198325229,0.8746747783434873,3.730687658996313,0.6965902601115208,3,0,0.7076923076923077,0.31399317406143346,0.5698976109215017,5.599258057138004,2.516181372229229,2.5900000000000007,-5.376478864176552,23.556309,12.576791,62.620018,O=C(c1ccccc1)N1CC2(C1)CN(c1cncc(C#Cc3ccccc3)c1)S(=O)(=O)C2,reinvent_pubchem,plain
98,99,O=C(c1cc([N+](=O)[O-])cc([N+](=O)[O-])c1)N1CC2(CCN(c3cncc(C#Cc4cncs4)c3)C2)C1,0.6209657928411393,0.6113589198411915,0,0.2045264108410026,5.388443569138639,4.088428724190408,0.8635483042378267,3.72673321762477,0.6970296424861366,3,0,0.7538461538461538,0.23254277112857036,0.5713899698949996,6.107762555795457,0.7802565878921075,3.1068000000000016,-5.480367826243653,27.67207,14.2611065,51.869984,O=C(c1ccccc1)N1CC2(CCN(c3cncc(C#Cc4cncs4)c3)C2)C1,reinvent_pubchem,plain
99,98,CCC#Cc1cncc(N2CC3(CN(C(=O)c4cc([N+](=O)[O-])cc([N+](=O)[O-])c4)C3)C2)c1,0.6210474931963099,0.6112628583009284,0,0.20947188683004425,5.376678006385231,4.200703161297008,0.8570692075857624,3.4524431546122543,0.7275063161541939,3,0,0.7014925373134329,0.26492475607739374,0.5486938138808192,5.711729319827889,1.9420959391941166,2.621900000000001,-4.621754498563734,39.69115,21.811794,35.02905,O=C(c1ccccc1)N1CC2(C1)CN(c1cccnc1)C2,reinvent_pubchem,plain
100,83,O=C(c1cc([N+](=O)[O-])cc([N+](=O)[O-])c1)N1CC2(C1)CN(c1cccc(C#Cc3cncnc3)c1)C2,0.6262657275404371,0.6110848845328982,0,0.2069396169898542,5.26280380948652,5.460044603640303,0.8603867489265866,3.422239425702406,0.730862286033066,3,0,0.6461538461538462,0.30232192050373874,0.5258126721763086,5.711729319827889,1.9420959391941166,2.6552000000000007,-5.024958322182208,21.785458,8.526305,50.53443,O=C(c1ccccc1)N1CC2(C1)CN(c1cccc(C#Cc3cncnc3)c1)C2,reinvent_pubchem,plain
101,58,O=[N+]([O-])c1cc(CN2CC3(CCN(c4cncc(C#CCN5CCC5)c4)C3)C2)cc([N+](=O)[O-])c1,0.6358677443236755,0.6099096915070831,0,0.24025524724241573,5.306367339215326,4.93892761048713,0.8167397493437193,3.53769954795776,0.7180333835602488,3,0,0.7313432835820896,0.251498404296723,0.5633975758322113,5.811767914163721,1.5425245538220789,2.6675000000000004,-4.905923793178975,29.310095,11.634656,48.76995,C(#Cc1cncc(N2CCC3(CN(Cc4ccccc4)C3)C2)c1)CN1CCC1,reinvent_pubchem,plain
102,49,CCCC#Cc1cncc(N2CCC3(CN(C(=O)c4cc([N+](=O)[O-])cc([N+](=O)[O-])c4)C3)C2)n1,0.6459370709408394,0.6098511179494037,0,0.23669325194563148,5.277061894743798,5.283699442264859,0.8214063399516206,3.612676892237211,0.7097025675291988,3,0,0.6666666666666666,0.29980259911169604,0.5382642430224269,6.071809280192623,0.8475995545675238,2.7971000000000013,-4.930324708483663,44.672066,23.424362,36.151726,O=C(c1ccccc1)N1CC2(CCN(c3cnccn3)C2)C1,reinvent_pubchem,plain
103,185,CCCCC#Cc1cnc(N2CCC3(CN(C(=O)c4cc([N+](=O)[O-])cc([N+](=O)[O-])c4)C3)C2)nc1,0.5965776286675564,0.6092380387388098,0,0.21459911413813496,5.4077961797312035,3.910243657551654,0.8503519974810461,3.481302462937517,0.724299726340276,4,0,0.7285714285714285,0.39725551502518675,0.6126108588302439,6.107762555795457,0.7802565878921076,3.1872000000000016,-5.304414326984606,58.288525,32.450695,38.229744,O=C(c1ccccc1)N1CC2(CCN(c3ncccn3)C2)C1,reinvent_pubchem,plain
104,24,O=C(c1cc([N+](=O)[O-])cc([N+](=O)[O-])c1)N1CC2(CCN(c3cncc(C#Cc4ccc[n+]([O-])c4)c3)C2)C1,0.6971114266634053,0.6078568511413325,0,0.3906413119473252,4.760094017169453,17.374246659421544,0.6197180975339185,3.763141731515386,0.6929842520538461,5,0,0.8,0.44040044116399424,0.6741401544073979,5.945309137430339,1.1342031851534902,2.2837000000000005,-4.936165576614346,27.896603,11.307947,33.30883,O=C(c1ccccc1)N1CC2(CCN(c3cncc(C#Cc4ccc[nH+]c4)c3)C2)C1,reinvent_pubchem,plain
105,71,O=C(c1cc([N+](=O)[O-])cc([N+](=O)[O-])c1)N1CCC2(C1)CN(c1cncc(C#Cc3ccccn3)c1)C2,0.6304148257115578,0.6078342437382837,0,0.2345540520040502,5.320185083255499,4.784261580209038,0.8242089181484022,3.4841371034595854,0.7239847662822683,3,0,0.7313432835820896,0.20805418537878229,0.548192099210932,6.107762555795457,0.7802565878921075,3.045300000000002,-5.400969029793234,29.581715,13.997025,61.706318,O=C(c1ccccc1)N1CCC2(C1)CN(c1cncc(C#Cc3ccccn3)c1)C2,reinvent_pubchem,plain
106,2,CNCCC#Cc1cncc(N2CCC3(CN(C(=O)c4cc([N+](=O)[O-])cc([N+](=O)[O-])c4)C3)C2)c1,0.7217284643905804,0.6076972654768434,0,0.42346472986872535,4.722369516193071,18.95092809594769,0.5767159481685022,3.581746835407152,0.7131392405103164,4,0,0.782608695652174,0.38833249874812215,0.6446120267357558,6.071809280192623,0.8475995545675238,2.2115,-4.580763051685589,13.561099,-3.9085078,26.609278,O=C(c1ccccc1)N1CC2(CCN(c3cccnc3)C2)C1,reinvent_pubchem,plain
107,64,O=C(c1cc([N+](=O)[O-])cc([N+](=O)[O-])c1)N1CC2(CCN(c3ccc(C#Cc4ccncc4)cn3)C2)C1,0.6325438453584389,0.6054178739136604,0,0.23995494669914166,5.323626069599838,4.746504865589758,0.8171331748196191,3.4196303161292674,0.7311521870967481,3,0,0.6470588235294118,0.3088121418615456,0.5286724849456587,6.107762555795457,0.7802565878921075,3.045300000000001,-5.400969029793233,29.183338,10.150136,67.06596,O=C(c1ccccc1)N1CC2(CCN(c3ccc(C#Cc4ccncc4)cn3)C2)C1,reinvent_pubchem,plain
108,97,O=C(c1cc([N+](=O)[O-])cc([N+](=O)[O-])c1)N1CC2(C1)C(=O)N(c1cncc(C#Cc3ccccc3)c1)C2=O,0.6213745334037823,0.6043726897447181,0,0.25878414364199875,5.038115846772382,9.159761236015218,0.7924649351711309,3.4259524427235215,0.7304497285862754,6,0,0.6875,0.3948796202102408,0.5850828670735843,5.341677187713488,4.5532637975173,2.313400000000001,-4.938034172208125,26.814014,8.874095,76.47761,O=C(c1ccccc1)N1CC2(C1)C(=O)N(c1cncc(C#Cc3ccccc3)c1)C2=O,reinvent_pubchem,plain
109,146,O=C(c1cc([N+](=O)[O-])cc([N+](=O)[O-])c1)N1C(=O)C2(CCN(c3cncc(C#Cc4ccccc4)c3)C2)C1=O,0.6059703273010235,0.6040620521780451,0,0.21434396818307416,5.164708231967981,6.843712676714653,0.8506862656701719,3.5566150263036658,0.7159316637440372,9,0,0.7230769230769231,0.2599413059427733,0.5609794570799707,5.585229177065605,2.598787821722653,2.703500000000001,-5.31467719303846,33.90282,14.742563,92.91018,O=C(c1ccccc1)N1C(=O)C2(CCN(c3cncc(C#Cc4ccccc4)c3)C2)C1=O,reinvent_pubchem,plain
110,101,O=C(c1cc([N+](=O)[O-])cc([N+](=O)[O-])c1)N1CC2(C1)CN(c1cc(C#Cc3ccccc3)cnn1)C2,0.6202577760319106,0.6034343394071873,0,0.22714113441782838,5.223310310378898,5.97984173087671,0.8339206242857573,3.4322143079630045,0.7297539657818883,3,0,0.6615384615384615,0.277790652761684,0.5272267284665894,5.711729319827889,1.9420959391941166,2.6552000000000007,-5.024958322182208,38.821575,17.428658,54.300518,O=C(c1ccccc1)N1CC2(C1)CN(c1cc(C#Cc3ccccc3)cnn1)C2,reinvent_pubchem,plain
111,72,O=C(c1cc([N+](=O)[O-])cc([N+](=O)[O-])c1)N1CCC2(C1)CN(c1cncc(C#Cc3cccnc3)c1)C2,0.6301910795501842,0.6031646121857422,0,0.2691856918439976,5.189590980062568,6.4626259469594025,0.7788378068054921,3.4759380084369607,0.7248957768403377,3,0,0.7777777777777778,0.2048175075273555,0.5772416831901299,6.107762555795457,0.7802565878921075,3.045300000000002,-5.400969029793234,25.796947,10.601155,52.179726,O=C(c1ccccc1)N1CCC2(C1)CN(c1cncc(C#Cc3cccnc3)c1)C2,reinvent_pubchem,plain
112,61,O=C(c1cc([N+](=O)[O-])cc([N+](=O)[O-])c1)N1CC2(CCN(c3cc(C#Cc4ccncc4)ccn3)C2)C1,0.6338717771339194,0.6029986159511663,0,0.2397499441589291,5.325157634479585,4.729795519256203,0.8174017498313872,3.452155203007096,0.7275383107769893,3,0,0.6417910447761194,0.2716986980781153,0.512258723431818,6.107762555795457,0.7802565878921075,3.045300000000001,-5.400969029793233,28.812952,9.666198,72.231674,O=C(c1ccccc1)N1CC2(CCN(c3cc(C#Cc4ccncc4)ccn3)C2)C1,reinvent_pubchem,plain
113,93,O=C(c1cc([N+](=O)[O-])cc([N+](=O)[O-])c1)N1CC2(C1)CN(c1cncc(C#Cc3ccccc3)n1)C2,0.6224965958353211,0.6023501763665561,0,0.2407960473122024,5.198065147125383,6.337746336214026,0.8160312440493138,3.4171686250744644,0.7314257083250595,3,0,0.676923076923077,0.274884437596302,0.5362095531587058,5.711729319827889,1.9420959391941166,2.6552000000000007,-5.024958322182208,35.402195,17.518208,60.273643,O=C(c1ccccc1)N1CC2(C1)CN(c1cncc(C#Cc3ccccc3)n1)C2,reinvent_pubchem,plain
114,92,O=C(c1cc([N+](=O)[O-])cc([N+](=O)[O-])c1)N1CC2(CCN(c3cncc(C#Cc4cscn4)c3)C2)C1,0.6225323720612086,0.6017591817530934,0,0.24034197076536926,5.292261563708616,5.1019762932234975,0.8166261323554924,3.7641765742681264,0.6928692695257637,3,0,0.7313432835820896,0.2701837310360601,0.5699374401909792,6.107762555795457,0.7802565878921075,3.1068000000000016,-5.480367826243653,27.83482,13.308522,58.357098,O=C(c1ccccc1)N1CC2(CCN(c3cncc(C#Cc4cscn4)c3)C2)C1,reinvent_pubchem,plain
115,112,CC#Cc1cncc(N2CC3(CCN(Cc4cc([N+](=O)[O-])cc([N+](=O)[O-])c4)C3)C2)c1,0.6181727382371239,0.600563990919221,0,0.2334476133727485,5.305139951915247,4.952905571117992,0.8256584697886622,3.4956529278333726,0.7227052302407364,3,0,0.6716417910447762,0.2718541429269087,0.5317161142035225,5.968845879068968,1.0743706136432627,2.981700000000001,-4.798175269668837,31.015554,13.460352,43.64744,c1ccc(CN2CCC3(C2)CN(c2cccnc2)C3)cc1,reinvent_pubchem,plain
116,18,O=C(c1cc([N+](=O)[O-])cc([N+](=O)[O-])c1)N1CC2(CCN(c3cncc(C#CC4(O)CC4)c3)C2)C1,0.699844927047166,0.6004891598387121,0,0.38929679666850825,4.761036399298704,17.336586894261707,0.6214795547649181,3.6116006936206073,0.7098221451532658,3,0,0.7741935483870968,0.27234448240247877,0.5985463752924804,5.981262413033174,1.044089160329687,2.1269,-4.518094997362836,18.783606,-3.064185,35.642796,O=C(c1ccccc1)N1CC2(CCN(c3cncc(C#CC4CC4)c3)C2)C1,reinvent_pubchem,plain
117,171,CCCCC#Cc1cncc(N2CCC3(CN(C(=O)c4cc([N+](=O)[O-])cc([N+](=O)[O-])c4)C3)C2)n1,0.6005923416925754,0.6002627223783118,0,0.2175841041820038,5.391448921322459,4.060234140758538,0.8464413447870425,3.587082705852497,0.7125463660163892,4,0,0.7183098591549296,0.26324477283446,0.5590370789427652,6.107762555795457,0.7802565878921075,3.1872000000000016,-5.304414326984606,50.758377,28.078846,42.410866,O=C(c1ccccc1)N1CC2(CCN(c3cnccn3)C2)C1,reinvent_pubchem,plain
118,59,O=C(c1cc([N+](=O)[O-])cc([N+](=O)[O-])c1)N1CC2(CCN(c3ccnc(C#Cc4cccnc4)c3)C2)C1,0.6342618604065912,0.6001727413147241,0,0.2788692153407059,5.153040337485628,7.0300702121261365,0.7661513667526578,3.4927529405636575,0.7230274510484824,3,0,0.6811594202898551,0.3499154793528133,0.5652240409618905,6.107762555795457,0.7802565878921075,3.045300000000002,-5.400969029793234,23.224659,7.755104,64.71625,O=C(c1ccccc1)N1CC2(CCN(c3ccnc(C#Cc4cccnc4)c3)C2)C1,reinvent_pubchem,plain
119,74,O=C(c1cc([N+](=O)[O-])cc([N+](=O)[O-])c1)N1CC2(CCN(c3ccc(C#Cc4ccccn4)cn3)C2)C1,0.6296810610411167,0.6000009488964042,0,0.24121394525694267,5.284165817683,5.197974951103189,0.815483753538659,3.4193208138668245,0.7311865762370195,3,0,0.6111111111111112,0.30038960006360815,0.5023585822444852,6.107762555795457,0.7802565878921075,3.045300000000001,-5.400969029793233,35.29532,15.659002,67.53596,O=C(c1ccccc1)N1CC2(CCN(c3ccc(C#Cc4ccccn4)cn3)C2)C1,reinvent_pubchem,plain
120,85,O=C(c1cc([N+](=O)[O-])cc([N+](=O)[O-])c1)N1CC2(C1)CN(c1cc(C#Cc3ccccc3)ncn1)C2,0.6245249241943244,0.5988366721384697,0,0.21921289630925264,5.202733652146444,6.2699827767636185,0.8443074548152885,3.424960618795029,0.7305599312449969,3,0,0.6029411764705882,0.224656325810483,0.4705414787395514,5.711729319827889,1.9420959391941166,2.6552000000000007,-5.024958322182208,37.197083,15.159395,69.58977,O=C(c1ccccc1)N1CC2(C1)CN(c1cc(C#Cc3ccccc3)ncn1)C2,reinvent_pubchem,plain
121,6,COCC#Cc1cncc(N2CCC3(CN(C(=O)c4cc([N+](=O)[O-])cc([N+](=O)[O-])c4)C3)C2)c1,0.7165293849031809,0.5983944590032243,0,0.42753754122917104,4.7161342502433,19.224973496504273,0.5713801344857699,3.5238538153141334,0.7195717982984295,3,0,0.7536231884057971,0.3065266196279667,0.5971393893335565,6.071809280192623,0.8475995545675238,2.2484,-4.529876273451695,34.95135,15.838251,29.279804,O=C(c1ccccc1)N1CC2(CCN(c3cccnc3)C2)C1,reinvent_pubchem,plain
122,65,O=C(c1cc([N+](=O)[O-])cc([N+](=O)[O-])c1)N1CC2(CCN(c3ccc(C#Cc4cccnc4)nc3)C2)C1,0.6323386194743018,0.5978475562876961,0,0.2792316066844929,5.153690899426913,7.019547231671334,0.765676595760448,3.472452035586281,0.7252831071570799,3,0,0.6911764705882353,0.29704033123754026,0.553228821815492,6.107762555795457,0.7802565878921075,3.045300000000001,-5.400969029793233,25.443869,10.212102,61.264393,O=C(c1ccccc1)N1CC2(CCN(c3ccc(C#Cc4cccnc4)nc3)C2)C1,reinvent_pubchem,plain
123,89,CCC#Cc1cncc(N2CC3(CCN(C(=O)c4cc([N+](=O)[O-])cc([N+](=O)[O-])c4)C3)C2)c1,0.6229057289538661,0.5976602904932572,0,0.2693881946925698,5.312916244442761,4.865010204574406,0.778572506654177,3.4803597139203077,0.7244044762310768,3,0,0.7352941176470589,0.23679332715477297,0.5608188409747588,6.071809280192623,0.8475995545675238,3.0120000000000013,-4.998698238396402,38.116,19.24181,37.691093,O=C(c1ccccc1)N1CCC2(C1)CN(c1cccnc1)C2,reinvent_pubchem,plain
124,8,O=C(c1cc([N+](=O)[O-])cc([N+](=O)[O-])c1)N1CC2(CCN(c3cncc(C#Cc4cnc[nH]4)c3)C2)C1,0.7120944389599663,0.5961162903469185,0,0.40450559475366465,4.784804376275622,16.413289273624482,0.6015544205667531,3.7370758749674264,0.6958804583369527,3,0,0.7538461538461538,0.24924879807692313,0.577237079326923,6.071809280192623,0.8475995545675238,2.3734,-4.823644186432861,18.606976,4.6010237,50.698006,O=C(c1ccccc1)N1CC2(CCN(c3cncc(C#Cc4cnc[nH]4)c3)C2)C1,reinvent_pubchem,plain
125,75,O=C(c1cc([N+](=O)[O-])cc([N+](=O)[O-])c1)N1CC2(CCN(c3ccc(C#Cc4cccnc4)cn3)C2)C1,0.6296300700588556,0.5959570929339735,0,0.27544822749174996,5.157164425398266,6.963628188156934,0.7706332226888783,3.4111217188442,0.732097586795089,3,0,0.6617647058823529,0.29793759104500495,0.5344252156892811,6.107762555795457,0.7802565878921075,3.045300000000001,-5.400969029793233,30.593884,12.199817,57.53959,O=C(c1ccccc1)N1CC2(CCN(c3ccc(C#Cc4cccnc4)cn3)C2)C1,reinvent_pubchem,plain
126,129,CC#Cc1cncc(N2CCCC3(CN(C(=O)c4cc([N+](=O)[O-])cc([N+](=O)[O-])c4)C3)C2)c1,0.611313512771609,0.5958191185098334,0,0.24685630898573566,5.321789701561557,4.766617448711966,0.8080916602344035,3.477234216945373,0.7247517536727364,3,0,0.71875,0.20732368196949758,0.5397507886893241,6.0212284948913775,0.9522950022461045,3.0120000000000013,-4.998698238396402,46.416145,26.138556,33.99042,O=C(c1ccccc1)N1CC2(CCCN(c3cccnc3)C2)C1,reinvent_pubchem,plain
127,114,COCC#Cc1cncc(N2CCCC3(CN(Cc4cc([N+](=O)[O-])cc([N+](=O)[O-])c4)C3)C2)c1,0.6176563054261094,0.5955987192433797,0,0.2374957128393132,5.3233615457697105,4.749396788355328,0.8203550313008079,3.5518255058956427,0.716463832678262,3,0,0.6857142857142857,0.19311377245508987,0.5133041060735671,6.0212284948913775,0.9522950022461045,2.9983000000000013,-5.082897035676228,36.689217,20.650103,39.4063,c1ccc(CN2CC3(CCCN(c4cccnc4)C3)C2)cc1,reinvent_pubchem,plain
128,33,COc1ncc(C#Cc2cncc(N3CCC4(CN(C(=O)c5cc([N+](=O)[O-])cc([N+](=O)[O-])c5)C4)C3)c2)cn1,0.6721850096936633,0.594952866944062,0,0.3604984787948054,4.859448318699435,13.821388714596512,0.659208397313954,3.654292524506399,0.7050786083881779,3,0,0.7424242424242424,0.3064576896993444,0.5898359489705282,5.894728352129094,1.2742998966114207,2.4489,-5.1490890981538335,29.562872,11.985018,49.854195,O=C(c1ccccc1)N1CC2(CCN(c3cncc(C#Cc4cncnc4)c3)C2)C1,reinvent_pubchem,plain
129,9,O=C(c1cc([N+](=O)[O-])cc([N+](=O)[O-])c1)N1CC2(CCN(c3cncc(C#Cc4ncc[nH]4)c3)C2)C1,0.7116240436157756,0.5948182435343026,0,0.4033644155180458,4.789613642829124,16.232535344432705,0.6030494860733467,3.7389444064359596,0.6956728437293378,3,0,0.7313432835820896,0.2647968031365453,0.568052015426149,6.071809280192623,0.8475995545675238,2.3734,-4.823644186432861,24.810795,7.596303,59.772633,O=C(c1ccccc1)N1CC2(CCN(c3cncc(C#Cc4ncc[nH]4)c3)C2)C1,reinvent_pubchem,plain
130,11,O=C(c1cc([N+](=O)[O-])cc([N+](=O)[O-])c1)N1CC2(CCN(c3cncc(C#Cc4c[nH]cn4)c3)C2)C1,0.7094656411007787,0.5940121702904193,0,0.4045363733367207,4.784817007492747,16.41281190903818,0.6015140973673532,3.8097024483940007,0.6878108390673332,3,0,0.7313432835820896,0.2941999689006375,0.5783431234435813,6.071809280192623,0.8475995545675238,2.3734,-4.823644186432861,23.10831,10.707014,50.75359,O=C(c1ccccc1)N1CC2(CCN(c3cncc(C#Cc4c[nH]cn4)c3)C2)C1,reinvent_pubchem,plain
131,14,Cn1ccnc1C#Cc1cncc(N2CCC3(CN(C(=O)c4cc([N+](=O)[O-])cc([N+](=O)[O-])c4)C3)C2)c1,0.7056292250610942,0.5939406884418887,0,0.40679225720171025,4.774410687557592,16.810836041633642,0.5985586508886954,3.6983083144268347,0.7001879650636851,3,0,0.7205882352941176,0.31793753407586256,0.5796604898677283,6.071809280192623,0.8475995545675238,2.3838,-4.918379586724503,31.63329,10.600968,52.22533,O=C(c1ccccc1)N1CC2(CCN(c3cncc(C#Cc4ncc[nH]4)c3)C2)C1,reinvent_pubchem,plain
132,54,O=C(C1=CC([N+](=O)[O-])CC([N+](=O)[O-])=C1)N1CC2(CCN(c3cncc(C#Cc4ccccc4)c3)C2)C1,0.6408594881775596,0.5936889893199996,0,0.23910123478610812,5.108691828086809,7.785888355188357,0.8182516277268457,4.4765216223427435,0.6137198197396951,3,0,0.6619718309859155,0.32561222898143816,0.5442459702843485,5.884273094995402,1.3053497941104732,2.656100000000001,-5.048067200354162,41.745216,15.211105,43.341785,O=C(C1=CCCC=C1)N1CC2(CCN(c3cncc(C#Cc4ccccc4)c3)C2)C1,reinvent_pubchem,plain
133,69,O=C(c1cc([N+](=O)[O-])cc([N+](=O)[O-])c1)N1CC2(CCN(c3cc(C#Cc4cccnc4)ccn3)C2)C1,0.6309921967309273,0.5933433228596692,0,0.2756670474644294,5.157865298152744,6.952399214791037,0.7703465453790435,3.4436466057220274,0.7284837104753303,3,0,0.6521739130434783,0.26700232378001554,0.5173638568012663,6.107762555795457,0.7802565878921075,3.045300000000001,-5.400969029793233,30.02677,11.489981,62.371346,O=C(c1ccccc1)N1CC2(CCN(c3cc(C#Cc4cccnc4)ccn3)C2)C1,reinvent_pubchem,plain
134,68,O=C(c1cc([N+](=O)[O-])cc([N+](=O)[O-])c1)N1CC2(CCN(c3cc(C#Cc4ccccn4)ccn3)C2)C1,0.6314618707346175,0.5932456544516579,0,0.25023503243567874,5.286716298819,5.167538264658587,0.8036651751313955,3.451845700744652,0.7275726999172609,3,0,0.5972222222222222,0.23929141861478143,0.47194644095961796,6.107762555795457,0.7802565878921075,3.045300000000001,-5.400969029793233,34.093903,14.5784855,73.090454,O=C(c1ccccc1)N1CC2(CCN(c3cc(C#Cc4ccccn4)ccn3)C2)C1,reinvent_pubchem,plain
135,51,O=C(C1=CC([N+](=O)[O-])C=C([N+](=O)[O-])C1)N1CC2(CCN(c3cncc(C#Cc4ccccc4)c3)C2)C1,0.6428652442213441,0.5930759442831348,0,0.24118238720149135,5.099246468749459,7.9570764601657835,0.8155250979293454,4.507970038632337,0.6102255512630737,3,0,0.6619718309859155,0.31902363425029057,0.5419399621284468,5.884273094995402,1.3053497941104732,2.656100000000001,-5.048067200354162,39.079304,10.574308,44.332314,O=C(C1=CCC=CC1)N1CC2(CCN(c3cncc(C#Cc4ccccc4)c3)C2)C1,reinvent_pubchem,plain
136,44,O=C(O)N1CC2(CCN(c3cncc(C#Cc4cc([N+](=O)[O-])cc([N+](=O)[O-])c4)c3)C2)C1,0.6512246274238312,0.5901860717934333,0,0.33863391237117435,4.81264687851627,15.394058105320813,0.687853292047663,3.5801675974197886,0.7133147113978013,3,0,0.7333333333333333,0.2595877277085331,0.5675223713646532,5.711729319827889,1.9420959391941166,2.4879000000000007,-4.538864315290077,8.167927,-0.25431213,34.004475,C(#Cc1cncc(N2CCC3(CNC3)C2)c1)c1ccccc1,reinvent_pubchem,plain
137,25,O=C(c1cc([N+](=O)[O-])cc([N+](=O)[O-])c1)N1CC2(CCN(c3cncc(C#Cc4ncco4)c3)C2)C1,0.6802355466163131,0.5893234174221459,0,0.3976237797667871,4.821392713627259,15.087152714979135,0.6105703261217297,3.762022728114281,0.6931085857650798,3,0,0.7538461538461538,0.3361684892669097,0.6076589712434184,6.071809280192623,0.8475995545675238,2.638300000000001,-5.0266216790254505,22.0144,6.562314,61.959816,O=C(c1ccccc1)N1CC2(CCN(c3cncc(C#Cc4ncco4)c3)C2)C1,reinvent_pubchem,plain
138,194,CCCCCCC#CC(=O)N1CCC2(C1)CN(C(=O)c1cc([N+](=O)[O-])cc([N+](=O)[O-])c1)C2,0.5940442468801939,0.5891960981858415,0,0.24032942302305033,5.367186690486536,4.293518213080779,0.8166425712251643,3.450212365762848,0.7277541815819057,5,0,0.6521739130434783,0.29523431294678315,0.527245053009635,6.071809280192623,0.8475995545675238,3.1513000000000018,-5.058246045161977,56.09552,35.736343,23.606892,O=C(c1ccccc1)N1CC2(CCNC2)C1,reinvent_pubchem,plain
139,73,CC(C)(O)C#Cc1cncc(N2CCC3(CN(C(=O)c4ccc5c(c4)OCO5)C3)C2)c1,0.6297974569482703,0.588486362271707,0,0.5769611439232389,3.5588983440309856,276.12241045033085,0.37561940971433727,3.402834921374903,0.7330183420694552,1,0,0.7083333333333334,0.30022056328469626,0.5654938638163104,5.442375258869468,3.6109771573069493,2.285200000000001,-4.36615794455936,13.366763,19.118969,14.799749,O=C(c1ccc2c(c1)OCO2)N1CC2(CCN(c3cccnc3)C2)C1,reinvent_pubchem,plain
140,162,O=C(c1cc([N+](=O)[O-])cc([N+](=O)[O-])c1)N1CC2(CCN(c3cncc(C#Cc4nnn[nH]4)c3)C2)C1,0.6024434640829907,0.5858813179952869,0,0.26839915049426966,5.271336961514123,5.353811034628449,0.7798682591698397,3.8600339169254694,0.6822184536749478,3,0,0.7313432835820896,0.2912674729071776,0.5773167498458703,6.071809280192623,0.8475995545675238,1.1633999999999998,-3.939287740413534,7.701373,-7.8755293,28.801682,O=C(c1ccccc1)N1CC2(CCN(c3cncc(C#Cc4nnn[nH]4)c3)C2)C1,reinvent_pubchem,plain
141,70,O=C(c1cc([N+](=O)[O-])cc([N+](=O)[O-])c1)N1CC2(CCN(c3nc(C#Cc4ccccc4)no3)C2)C1,0.6304901541921751,0.5852132898612311,0,0.3114424933718172,4.810287577663845,15.477913753307668,0.723476927102001,3.6039094414009947,0.7106767287332227,3,0,0.6764705882352942,0.3002752590673575,0.5448022230265164,5.711729319827889,1.9420959391941166,2.638300000000001,-5.0266216790254505,24.47358,7.297696,63.015137,O=C(c1ccccc1)N1CC2(CCN(c3nc(C#Cc4ccccc4)no3)C2)C1,reinvent_pubchem,plain
142,166,O=C(c1ccc2c(c1)OCO2)N1CC2(CCN(c3cncc(C#CC4(O)CC4)c3)C2)C1,0.6013914743373021,0.5851792777985753,0,0.5593254586172902,3.5575681417799148,276.96944337901726,0.39872402287509656,3.456788796993667,0.7270234670007036,1,0,0.704225352112676,0.39039476077860646,0.5943846451457517,5.3790067600591644,4.178238629120957,2.0392,-4.170372560579383,16.258724,17.628906,18.221598,O=C(c1ccc2c(c1)OCO2)N1CC2(CCN(c3cncc(C#CC4CC4)c3)C2)C1,reinvent_pubchem,plain
143,91,O=C(c1ncc([N+](=O)[O-])cc1[N+](=O)[O-])N1CC2(CCN(c3cncc(C#Cc4ccccc4)c3)C2)C1,0.6227319779072915,0.5849637844074996,0,0.3301171008176844,4.949463784045057,11.234046468391055,0.6990112160462327,3.5480805423736115,0.7168799397362654,3,0,0.7538461538461538,0.28641445856945935,0.5902450604993108,6.107762555795457,0.7802565878921075,3.045300000000001,-5.400969029793233,38.98252,25.96886,50.853783,O=C(c1ccccn1)N1CC2(CCN(c3cncc(C#Cc4ccccc4)c3)C2)C1,reinvent_pubchem,plain
144,28,O=C(c1cc([N+](=O)[O-])cc([N+](=O)[O-])c1)N1CC2(CCN(c3cncc(C#Cc4cnco4)c3)C2)C1,0.676170194804486,0.5848009345308944,0,0.39641873977219155,4.824933328692689,14.964653703755806,0.6121490559774376,3.7641723784639316,0.6928697357262299,3,0,0.7538461538461538,0.2756682867557716,0.58648390036452,6.071809280192623,0.8475995545675238,2.638300000000001,-5.0266216790254505,22.96904,9.878341,47.808937,O=C(c1ccccc1)N1CC2(CCN(c3cncc(C#Cc4cnco4)c3)C2)C1,reinvent_pubchem,plain
145,126,CC(C)(C)OC(=O)N1CC2(CCN(c3cncc(-c4cnn[nH]4)c3)C2)C1,0.6125136173240385,0.5837818595053555,0,0.5449873091287063,3.7830255513027913,164.80654263112035,0.4175085153191257,3.717963329613788,0.6980040744873569,0,1,0.35,0.3133161588345029,0.337160655592076,5.452694756135898,3.526186219547159,2.3139000000000003,-3.985768419166559,47.454678,32.518425,-6.705129,c1ncc(N2CCC3(CNC3)C2)cc1-c1cnn[nH]1,reinvent_pubchem,plain
146,79,O=C(c1cc([N+](=O)[O-])cc([N+](=O)[O-])c1)N1CC2(CCN(c3noc(C#Cc4ccccc4)n3)C2)C1,0.6283187242280363,0.5835755633218178,0,0.3154913608858684,4.80606803144488,15.629027975684926,0.7181724823906994,3.590789161680715,0.7121345375910317,3,0,0.6764705882352942,0.3016669363974753,0.5452893100920576,5.711729319827889,1.9420959391941166,2.638300000000001,-5.0266216790254505,27.624207,10.516747,60.426247,O=C(c1ccccc1)N1CC2(CCN(c3noc(C#Cc4ccccc4)n3)C2)C1,reinvent_pubchem,plain
147,105,O=C(c1cc([N+](=O)[O-])cc([N+](=O)[O-])c1)N1CC(O)(CNc2cncc(C#Cc3ccccc3)c2)C1,0.6192593599989847,0.5835619978479286,0,0.2945724544284033,4.623973928619851,23.769829763648804,0.7455784625417974,2.879911864987129,0.791120903890319,3,0,0.6029411764705882,0.17690782953419226,0.45382950504284963,5.585229177065605,2.598787821722653,2.596800000000001,-4.9945831265551845,22.374783,8.794996,65.83589,O=C(c1ccccc1)N1CC(CNc2cncc(C#Cc3ccccc3)c2)C1,reinvent_pubchem,plain
148,48,Nc1cc(C#Cc2cncc(N3CCC4(CN(C(=O)c5cc([N+](=O)[O-])cc([N+](=O)[O-])c5)C4)C3)c2)ccn1,0.6474095927498053,0.5834502879790844,0,0.3757872007613878,4.636415643489361,23.098530766918415,0.6391785543771934,3.608505488911838,0.7101660567875736,3,0,0.7575757575757576,0.30975609756097566,0.6008388765705839,5.8250374233457896,1.4961067303672524,2.6275000000000004,-5.184645018811663,26.036505,6.0530705,68.5216,O=C(c1ccccc1)N1CC2(CCN(c3cncc(C#Cc4ccncc4)c3)C2)C1,reinvent_pubchem,plain
149,95,O=C(c1ccc2c(c1)OCO2)N1CC2(CCN(c3cncc(C#CCN4CCC4)c3)C2)C1,0.6218884371045234,0.5829445098231153,0,0.5773259895544841,3.54828547629738,282.95314386532834,0.37514142334595557,3.3551640688984223,0.7383151034557309,1,0,0.7361111111111112,0.1900206627381954,0.5449794541805906,5.442375258869468,3.6109771573069493,2.22,-4.382124334003657,36.25431,37.150208,24.405628,O=C(c1ccc2c(c1)OCO2)N1CC2(CCN(c3cncc(C#CCN4CCC4)c3)C2)C1,reinvent_pubchem,plain
150,175,O=C(c1ccc[n+]([O-])c1)N1CC2(CCN(c3cncc(C#Cc4ccccc4)c3)C2)C1,0.5993813949412852,0.5823878420724731,0,0.3013105874135394,4.475262207546596,33.476326307468604,0.7367507956070279,3.4407236975986795,0.7288084780445911,3,0,0.696969696969697,0.3430344345394162,0.5730923551190987,5.394846103109279,4.028597666980578,2.4673000000000007,-4.524165043953484,23.490927,36.529987,40.4403,O=C(c1ccc[nH+]c1)N1CC2(CCN(c3cncc(C#Cc4ccccc4)c3)C2)C1,reinvent_pubchem,plain
151,127,O=C(c1cc([N+](=O)[O-])cc([N+](=O)[O-])c1)N1CC2(CCN(c3nnc(C#Cc4ccccc4)o3)C2)C1,0.6116942220460594,0.5807702493200889,0,0.29873727871059536,4.8191609747520525,15.164881647054278,0.7401221021989346,3.6491262246177776,0.7056526417091358,3,0,0.6865671641791045,0.2910465771056231,0.548134958703386,5.585229177065605,2.598787821722653,2.638300000000001,-5.0266216790254505,23.612215,7.8836646,55.341625,O=C(c1ccccc1)N1CC2(CCN(c3nnc(C#Cc4ccccc4)o3)C2)C1,reinvent_pubchem,plain
152,135,N#Cc1cncc(N2CCCC3(CN(C(=O)c4cc5c(cc4[N+](=O)[O-])OCO5)C3)C2)c1,0.6078019575164553,0.5806291783138874,0,0.3568199479159207,4.237842552539128,57.8305666131188,0.6640276618609273,3.3765870192770002,0.7359347756358889,2,0,0.4588235294117647,0.3094098883572568,0.40652875504268693,5.535947729858899,2.9110674627219133,2.3327800000000005,-4.410773271028892,63.541756,57.639942,-12.867505,O=C(c1ccc2c(c1)OCO2)N1CC2(CCCN(c3cccnc3)C2)C1,reinvent_pubchem,plain
153,55,O=C(O)c1cc(C#Cc2cncc(N3CCC4(CN(C(=O)c5cc([N+](=O)[O-])cc([N+](=O)[O-])c5)C4)C3)c2)ccn1,0.639787447670463,0.5797671482166036,0,0.3835075974749797,4.756470711108865,17.519805840826177,0.6290640180594598,3.596756776353094,0.7114714692941007,3,0,0.7727272727272727,0.30433782955242183,0.608790967616075,5.872803956598658,1.3402815628547171,2.743500000000001,-5.448356571023385,8.055021,-5.6300125,38.390522,O=C(c1ccccc1)N1CC2(CCN(c3cncc(C#Cc4ccncc4)c3)C2)C1,reinvent_pubchem,plain
154,103,CCCC#Cc1cncc(N2CC3(CN(C(=O)c4cc([N+](=O)[O-])cc([N+](=O)[O-])c4)C3)C2)c1,0.6194379105505617,0.5794285936051032,0,0.35298669573168734,5.026367722461754,9.410924245902848,0.6690496276835127,3.4501808972313794,0.7277576780854023,3,0,0.7575757575757576,0.28221363374722475,0.591199014235771,6.071809280192623,0.8475995545675238,3.0120000000000013,-4.995246692830444,45.82311,26.173529,38.840454,O=C(c1ccccc1)N1CC2(C1)CN(c1cccnc1)C2,reinvent_pubchem,plain
155,119,O=C(C#Cc1ccccc1)N1CCC2(C1)CN(C(=O)c1cc([N+](=O)[O-])cc([N+](=O)[O-])c1)C2,0.615243463767617,0.5782902308308101,0,0.326310554407052,5.0182039879065625,9.589501073205083,0.7039981944806049,3.275699558345546,0.7471444935171616,4,0,0.6612903225806451,0.28277573235152875,0.5288102160004544,5.341677187713488,4.5532637975173,2.2292,-4.414741884983272,30.46397,20.406445,28.013388,O=C(C#Cc1ccccc1)N1CCC2(C1)CN(C(=O)c1ccccc1)C2,reinvent_pubchem,plain
156,124,O=C(NCC1(O)CCN(c2cncc(C#Cc3ccccc3)c2)C1)c1cc([N+](=O)[O-])cc([N+](=O)[O-])c1,0.6128091868965018,0.5780999885431954,0,0.310604287048204,4.6578324552409045,21.987079400716656,0.7245750660469873,3.338418551423386,0.7401757165085127,3,0,0.6521739130434783,0.25615212527964204,0.5135662873261355,5.585229177065605,2.598787821722653,2.6690000000000005,-5.1348156847170365,19.830048,5.141684,72.47876,O=C(NCC1CCN(c2cncc(C#Cc3ccccc3)c2)C1)c1ccccc1,reinvent_pubchem,plain
157,42,COCC#Cc1cncc(N2CCCC3(CN(C(=O)c4cc([N+](=O)[O-])cc([N+](=O)[O-])c4)C3)C2)c1,0.6586356007794663,0.5775079809634656,0,0.40749057373062936,4.751143497546287,17.736033583583943,0.5976437823715646,3.526146511520512,0.7193170542754987,3,0,0.684931506849315,0.3780305546330123,0.5775161735736091,6.0212284948913775,0.9522950022461045,2.6385000000000005,-4.907417437518596,40.767914,19.989595,29.510601,O=C(c1ccccc1)N1CC2(CCCN(c3cccnc3)C2)C1,reinvent_pubchem,plain
158,86,O=C(c1cc([N+](=O)[O-])cc([N+](=O)[O-])c1)N1CC2(CN(c3cncc(C#Cc4ccccc4)c3)C2)C(O)C1O,0.6239665458263031,0.5774902958557854,0,0.27078859129684124,4.678168304141382,20.98126629372796,0.7767378389759996,4.340432473223537,0.6288408363084959,3,0,0.6323529411764706,0.31572519083969464,0.521533228558599,5.5633047815351695,2.733349828002353,1.9394999999999996,-4.774705476858241,20.336914,5.109298,69.32125,O=C(c1ccccc1)N1CCC2(C1)CN(c1cncc(C#Cc3ccccc3)c1)C2,reinvent_pubchem,plain
159,141,COC(=O)c1cc(CN2CC3(CCN(c4cncc(C#CCCCC(=O)O)c4)C3)C2)no1,0.6064841639555426,0.5765870928644851,0,0.3850816878126548,3.999472749658351,100.12147760203504,0.6270017932181147,3.566587213991541,0.7148236428898287,2,0,0.5432098765432098,0.28710906493094146,0.4535745924789159,5.3554205402388755,4.411430685362968,2.1749,-4.3743007388077,15.0861225,18.364294,-14.405271,c1cncc(N2CCC3(CN(Cc4ccon4)C3)C2)c1,nitro_bioisostere_campaign,mol2mol_similarity
160,164,O=C(c1cc([N+](=O)[O-])cc([N+](=O)[O-])c1)N1CC2(CCN(c3cncc(C#CCN4CCOCC4)c3)C2)C1,0.6022952178794402,0.5756616556023832,0,0.31700572309941505,4.836766431119139,14.56242054793633,0.7161885077096892,3.556366389165431,0.7159592900927298,3,0,0.6986301369863014,0.30467685787800813,0.5607464892983988,5.503627670088979,3.1359731087261316,1.9342,-4.64437839693978,35.191517,13.5918,34.6045,O=C(c1ccccc1)N1CC2(CCN(c3cncc(C#CCN4CCOCC4)c3)C2)C1,reinvent_pubchem,plain
161,36,COCC#Cc1cncc(N2CCC3(CCN(C(=O)c4cc([N+](=O)[O-])cc([N+](=O)[O-])c4)C3)C2)c1,0.6697708918535789,0.5755068372485481,0,0.40227748807278957,4.803179583855752,15.733321459096535,0.6044734759960966,3.922877618877118,0.6752358201247646,3,0,0.6944444444444444,0.33733483725427005,0.5694560819278834,6.071809280192623,0.8475995545675238,2.6385000000000005,-4.907417437518596,34.80134,13.143094,34.21292,O=C(c1ccccc1)N1CCC2(CCN(c3cccnc3)C2)C1,reinvent_pubchem,plain
162,109,O=C(c1cc([N+](=O)[O-])cc([N+](=O)[O-])c1)N1CC2(C1)OCCN(c1cncc(C#Cc3ccccc3)c1)C2=O,0.6188139785420482,0.5746309199493111,0,0.31235695086876936,4.727292098816605,18.73733843795017,0.7222788910544928,3.5346643433417686,0.7183706285175813,3,0,0.6428571428571429,0.2326739926739927,0.49929304029304034,5.585229177065605,2.598787821722653,2.5558000000000005,-5.218465541981823,33.94901,14.294809,67.48365,O=C(c1ccccc1)N1CC2(C1)OCCN(c1cncc(C#Cc3ccccc3)c1)C2=O,reinvent_pubchem,plain
163,111,O=C(C1=CC([N+](=O)[O-])=CC([N+](=O)[O-])C1)N1CC2(CCN(c3cncc(C#Cc4ccccc4)c3)C2)C1,0.6182214957641263,0.5743808778119179,0,0.2799664474173561,4.943210715852008,11.396966826132692,0.7647138766728122,4.421287685691159,0.6198569238120935,3,0,0.6619718309859155,0.3167373729288402,0.5411397706659392,5.696016799531008,2.0136463557833917,2.656100000000001,-5.048067200354162,36.087944,9.546038,44.12108,O=C(C1=CC=CCC1)N1CC2(CCN(c3cncc(C#Cc4ccccc4)c3)C2)C1,reinvent_pubchem,plain
164,106,O=C(c1cc([N+](=O)[O-])cc([N+](=O)[O-])c1)N1CCN(c2cncc(C#Cc3ccccc3)c2)C(O)C1,0.6190499612005262,0.5734051251907685,0,0.34518159714291086,4.709917001064758,19.50217274285847,0.6792751324170567,3.3310562945478477,0.7409937450502391,3,0,0.6268656716417911,0.33641237113402067,0.5252070164640714,5.585229177065605,2.598787821722653,2.5786000000000007,-4.987987751754494,24.39075,15.137276,63.79531,O=C(c1ccccc1)N1CCN(c2cncc(C#Cc3ccccc3)c2)CC1,reinvent_pubchem,plain
165,128,O=C(c1cc([N+](=O)[O-])cc([N+](=O)[O-])c1)N1CCN(c2cncc(C#Cc3ccccc3)c2)CC(O)C1,0.6114560661500729,0.5729416022431881,0,0.35799212589888113,4.6811555860300444,20.83744247834351,0.6624919847164319,3.188475564998045,0.7568360483335506,3,0,0.6666666666666666,0.33019755409219187,0.5489024772656005,5.585229177065605,2.5987878217226528,2.6211,-5.106192593531823,25.745045,16.722736,58.619408,O=C(c1ccccc1)N1CCCN(c2cncc(C#Cc3ccccc3)c2)CC1,reinvent_pubchem,plain
166,50,O=C(c1cc([N+](=O)[O-])cc([N+](=O)[O-])c1)N1CN(c2cncc(C#Cc3ccccc3)c2)CC(CO)(CO)C1,0.6449636403235279,0.572874731006982,0,0.40741728179294784,4.423703134113664,37.69613862706833,0.5977398025623627,3.189545600244122,0.7567171555284309,3,0,0.6716417910447762,0.311403169694627,0.545558273572224,5.567128413661042,2.709390391726743,2.1887,-4.965961126353793,31.133587,20.206564,60.23822,O=C(c1ccccc1)N1CCCN(c2cncc(C#Cc3ccccc3)c2)C1,reinvent_pubchem,plain
167,122,O=C(c1cc([N+](=O)[O-])cc([N+](=O)[O-])c1)N1C[C@H](O)C2(C1)CN(c1cncc(C#Cc3ccccc3)c1)C2,0.6136163392834731,0.5720890457788338,0,0.3129567045648917,4.723846018652747,18.886608648444216,0.7214931502737834,3.922423352730603,0.675286294141044,3,0,0.6716417910447762,0.29649259547934526,0.5403395725968754,5.585229177065605,2.598787821722653,2.621100000000001,-5.179871849977586,27.67895,11.241185,67.34148,O=C(c1ccccc1)N1CCC2(C1)CN(c1cncc(C#Cc3ccccc3)c1)C2,reinvent_pubchem,plain
168,123,O=C(c1cc([N+](=O)[O-])cc([N+](=O)[O-])c1)N1C[C@@H](O)C2(C1)CN(c1cncc(C#Cc3ccccc3)c1)C2,0.6131995887687395,0.5717818051970892,0,0.3129567045648917,4.723846018652747,18.886608648444216,0.7214931502737834,3.922423352730603,0.675286294141044,3,0,0.6716417910447762,0.29381563593932325,0.5394026367578677,5.585229177065605,2.598787821722653,2.621100000000001,-5.179871849977586,27.864206,11.603788,66.02916,O=C(c1ccccc1)N1CCC2(C1)CN(c1cncc(C#Cc3ccccc3)c1)C2,reinvent_pubchem,plain
169,56,NCCCC#Cc1cncc(N2CCC3(CN(C(=O)c4ccc5c(c4)OCO5)C3)C2)c1,0.6370529950042162,0.5717334155389602,0,0.5731948968784227,3.5695394066266104,269.43908400176537,0.38055359171683534,3.3842990822140635,0.735077879753993,2,0,0.8260869565217391,0.31739058355437666,0.6480432259831622,5.442375258869468,3.6109771573069493,2.2532000000000005,-4.32901322433505,4.463174,13.949081,12.643181,O=C(c1ccc2c(c1)OCO2)N1CC2(CCN(c3cccnc3)C2)C1,reinvent_pubchem,plain
170,102,O=C(c1cc([N+](=O)[O-])cc([N+](=O)[O-])c1)N1CC2(CCN(c3cncc(C#Cc4ccc[nH]4)c3)C2)C1,0.6198238769742838,0.5680862217789135,0,0.3890968856442033,4.774545440626797,16.80562077770025,0.6217414593522934,3.727145805037358,0.6969837994402936,3,0,0.7846153846153846,0.2811582705275685,0.6084053946846489,5.9306816277319285,1.173054992682967,2.9784000000000006,-5.265822409442525,26.17355,9.537034,74.86647,O=C(c1ccccc1)N1CC2(CCN(c3cncc(C#Cc4ccc[nH]4)c3)C2)C1,reinvent_pubchem,plain
171,132,O=C(c1cnc([N+](=O)[O-])nc1)N1CC2(CCN(c3cncc(C#Cc4ccccc4)c3)C2)C1,0.6107174125349137,0.5657475465084264,0,0.39554193505280555,4.291850235578288,51.06810755956654,0.6132977629036216,3.5600650879773967,0.7155483235580671,3,0,0.7903225806451613,0.27452054794520553,0.6097918692001767,5.5412607797544045,2.8756711489225864,2.5321000000000007,-4.752097975478067,28.438587,27.225164,39.043053,O=C(c1cncnc1)N1CC2(CCN(c3cncc(C#Cc4ccccc4)c3)C2)C1,reinvent_pubchem,plain
172,188,COc1cccc(C#Cc2cncc(N3CCC4(CN(C(=O)c5cc([N+](=O)[O-])cc([N+](=O)[O-])c5)C4)C3)c2)n1,0.5961692965981047,0.5648073901415899,0,0.3513312614835527,4.783261268180341,16.47171168043938,0.6712184216516905,3.597864918467577,0.7113483423924915,3,0,0.7285714285714285,0.2734861243318445,0.5692915720875742,5.894728352129094,1.2742998966114207,3.0539000000000014,-5.591267321163499,41.22613,19.94172,68.66208,O=C(c1ccccc1)N1CC2(CCN(c3cncc(C#Cc4ccccn4)c3)C2)C1,reinvent_pubchem,plain
173,53,Cc1cc(C#Cc2cncc(N3CCC4(CN(C(=O)c5cc([N+](=O)[O-])cc([N+](=O)[O-])c5)C4)C3)c2)no1,0.6408595081612982,0.5639492037562795,0,0.41415738356960996,4.723470496728811,18.90294641708973,0.5889095563024458,3.712335427907414,0.6986293968991762,3,0,0.7205882352941176,0.2813662239089184,0.5668605313092979,6.071809280192623,0.8475995545675238,2.946720000000001,-5.342390750593727,27.0139,7.9566054,66.91725,O=C(c1ccccc1)N1CC2(CCN(c3cncc(C#Cc4ccon4)c3)C2)C1,reinvent_pubchem,plain
174,57,Cn1cccc1C#Cc1cncc(N2CCC3(CN(C(=O)c4cc([N+](=O)[O-])cc([N+](=O)[O-])c4)C3)C2)c1,0.6368136809733419,0.5632930838780918,0,0.4311833645430377,4.7311062521371765,18.573499903054255,0.5666037203086042,3.7013188247086326,0.699853463921263,3,0,0.7727272727272727,0.2843416904368713,0.6017923189256322,6.107762555795457,0.7802565878921076,2.988800000000001,-5.360557809734167,34.32096,16.097897,67.33203,O=C(c1ccccc1)N1CC2(CCN(c3cncc(C#Cc4ccc[nH]4)c3)C2)C1,reinvent_pubchem,plain
175,80,Cn1cc(C(=O)N2CC3(CCN(c4cncc(C#Cc5ccccc5)c4)C3)C2)cc([N+](=O)[O-])c1=O,0.627312438034709,0.5604411955020621,0,0.4708709952810216,3.9841648743034477,103.71346062823145,0.5146087260931611,3.465136014827568,0.7260959983524924,3,0,0.7101449275362319,0.5417322834645669,0.6512005021111491,5.5412607797544045,2.8756711489225864,2.4408000000000003,-4.863151465139746,18.075012,16.022114,42.73551,O=C(c1ccc(=O)[nH]c1)N1CC2(CCN(c3cncc(C#Cc4ccccc4)c3)C2)C1,reinvent_pubchem,plain
176,140,O=C(c1cc([N+](=O)[O-])cc([N+](=O)[O-])c1)N1CC2(CCN(c3cncc(C#Cc4ccco4)c3)C2)C1,0.6071613046453628,0.55925494421597,0,0.4137608002888265,4.7595219914712565,17.397146014726488,0.5894291223487642,3.640301049792603,0.7066332166897108,3,0,0.7846153846153846,0.30494505494505497,0.6167307692307693,6.071809280192623,0.8475995545675238,3.2433000000000014,-5.468799902035115,25.00182,7.225737,75.44541,O=C(c1ccccc1)N1CC2(CCN(c3cncc(C#Cc4ccco4)c3)C2)C1,reinvent_pubchem,plain
177,147,O=C(c1cc([N+](=O)[O-])cc([N+](=O)[O-])c1)N1CC2(CCN(c3cncc(C#Cc4ccoc4)c3)C2)C1,0.6058754246914374,0.5587311224493607,0,0.40531041547547075,4.718489338444213,19.121002644443497,0.6005000202914873,3.7147541966457496,0.6983606448171389,3,0,0.7936507936507936,0.26944570306600213,0.6101790119461166,6.071809280192623,0.8475995545675238,3.2433000000000014,-5.468799902035115,25.60665,7.5183554,70.584625,O=C(c1ccccc1)N1CC2(CCN(c3cncc(C#Cc4ccoc4)c3)C2)C1,reinvent_pubchem,plain
178,156,CCCCCCOC1CN(c2cncc(N3CCC4(CN(C(=N)N)C4)C3)c2)C1,0.6042811405335758,0.5523110492740092,0,0.32841072027851104,4.21356947069093,61.15479705852109,0.7012467550445018,3.4665018521935105,0.7259442386451656,3,0,0.43209876543209874,0.36815193571950333,0.40971737503269035,5.302380392493043,4.9844771279029025,2.2726700000000006,-4.0446535351932695,40.969124,2.9960914,-10.391058,c1ncc(N2CCC3(CNC3)C2)cc1N1CCC1,reinvent_pubchem,plain
179,142,CC1CN=C(c2cc(NC(=O)Oc3ccccc3C3=NCCCN3)cc(C3=NCCN3)c2)N1,0.6063687180013799,0.552224096735503,0,0.5438200207481106,3.5407241735241506,287.92264710060243,0.41903778656732693,3.712100500139842,0.6986554999844621,0,1,0.10784313725490197,0.2010670731707317,0.14047151482544235,5.239479119008365,5.7613051839909915,2.1255,-4.3996232579258985,-0.7941105,-27.039413,18.565884,O=C(Nc1cc(C2=NCCN2)cc(C2=NCCN2)c1)Oc1ccccc1C1=NCCCN1,reinvent,curriculum_learning
180,108,CCC1CC2(CN(C(=O)c3ccc4c(c3)OCO4)C2)CN1c1ccc(C#CCO)cn1,0.6188296213474737,0.5518081160670486,0,0.5709003342637832,3.405559778533192,393.0431406982056,0.3835597114487691,3.878557727895739,0.6801602524560291,1,0,0.45977011494252873,0.26754351421595657,0.3924908046882285,5.442375258869468,3.6109771573069502,2.285200000000001,-4.362706398993401,44.58579,38.09072,24.56039,O=C(c1ccc2c(c1)OCO2)N1CC2(CCN(c3ccccn3)C2)C1,nitro_bioisostere_campaign,mol2mol_scaffold_generic
181,133,O=C(c1cc([N+](=O)[O-])cc([N+](=O)[O-])c1)N1CCN(c2cncc(C#Cc3ccccc3)c2)CC1CO,0.6098856801957787,0.551060996489872,0,0.40212815854895867,4.611780697994121,24.446647026962445,0.6046691134676061,3.25129909440981,0.7498556561766878,3,0,0.6,0.2894200626959248,0.4912970219435737,5.585229177065605,2.5987878217226528,2.6211000000000007,-5.102741047965865,30.721325,22.974545,64.26832,O=C(c1ccccc1)N1CCN(c2cncc(C#Cc3ccccc3)c2)CC1,reinvent_pubchem,plain
182,130,O=C(c1cc([N+](=O)[O-])cc([N+](=O)[O-])c1)N1CCN(c2cncc(C#Cc3ccccc3)c2)C(CO)C1,0.6111067408690557,0.5489888486149858,0,0.411110234714699,4.602675789318592,24.964576937759944,0.5929016436137464,3.2838036192966884,0.746244042300368,3,0,0.6,0.29579461332493306,0.4935281146637266,5.585229177065605,2.5987878217226528,2.6211,-5.102741047965865,28.745838,20.117044,64.372055,O=C(c1ccccc1)N1CCN(c2cncc(C#Cc3ccccc3)c2)CC1,reinvent_pubchem,plain
183,160,CCCCC#Cc1cncc(N2CCC3(CN(C(=O)c4cc[n+]5c(c4)OCO5)C3)C2)c1,0.6031253308353537,0.5459648885736779,0,0.3858661162549111,4.280075795257278,52.471587620436274,0.6259741089860472,4.156591389906372,0.6492676233437364,3,0,0.6923076923076923,0.2786626845860295,0.5475319396051104,5.442375258869468,3.6109771573069502,2.0418,-4.178890146662241,36.260056,31.987808,26.125803,O=C(c1cc[n+]2c(c1)OCO2)N1CC2(CCN(c3cccnc3)C2)C1,nitro_bioisostere_campaign,mol2mol_scaffold
184,90,CC(C)(C)COC(=O)N1CC2(CCN(c3cncc(C#CC4(O)CCNCC4)c3)C2)C1,0.6227457635068004,0.5451988985794368,0,0.5987958005841059,3.4211036433164015,379.2244731804549,0.34701369993354647,3.817779718818838,0.6869133645756846,1,0,0.425,0.2963177492759619,0.37996121224658663,5.373630949798338,4.230279378090881,2.2424,-4.298740912421404,23.530123,10.604259,13.078113,C(#CC1CCNCC1)c1cncc(N2CCC3(CNC3)C2)c1,nitro_bioisostere_campaign,mol2mol_similarity
185,190,C#Cc1cncc(N2CCCC3(CN(C(=O)c4cc5c(cc4[N+](=O)[O-])OCO5)C3)C2)c1,0.5952270568847738,0.5448686655109063,0,0.3329032730230181,4.344793911872548,45.207041692226106,0.6953610357506148,3.469345236060218,0.7256283071044203,3,0,0.4588235294117647,0.2690684842583577,0.39240926360807227,5.535947729858899,2.9110674627219133,2.4424,-4.48554105152792,66.02033,64.58253,2.134417,O=C(c1ccc2c(c1)OCO2)N1CC2(CCCN(c3cccnc3)C2)C1,reinvent_pubchem,plain
186,182,CC(O)C#Cc1cncc(N2CCC3(CN(C(=O)OC(C)(C)C)C3)C2)c1,0.5975577591794929,0.5448679394465621,0,0.5838720619930635,3.483514800473959,328.46205033891977,0.3665653760423292,3.882976909742247,0.6796692322508615,1,0,0.4594594594594595,0.3641411764705882,0.4260980604133545,5.20667190998346,6.213382501723385,2.2611,-3.874861351054825,30.73615,22.67742,15.184194,c1cncc(N2CCC3(CNC3)C2)c1,reinvent_pubchem,plain
187,159,C#Cc1cncc(N2CCC3(CCN(C(=O)c4cc5c(cc4[N+](=O)[O-])OCO5)C3)C2)c1,0.6034556451595244,0.5431942105644089,0,0.3434829400813463,4.359830288807136,43.66864448133617,0.6815005528427094,3.864078384766957,0.681769068359227,3,0,0.4642857142857143,0.34244999114887587,0.4216432111878209,5.557465340311804,2.770350123345238,2.4424,-4.48554105152792,56.779804,55.70099,5.326178,O=C(c1ccc2c(c1)OCO2)N1CCC2(CCN(c3cccnc3)C2)C1,reinvent_pubchem,plain
188,189,COC(=O)C(C)(C)C(=O)N1CC2(CCN(c3cncc(C#CCCCCCO)c3)C2)C1,0.5958941290625608,0.5424054395991104,0,0.379781725893301,4.094819036649369,80.38610080392941,0.6339453039345437,3.6707455938419695,0.7032504895731144,3,0,0.5569620253164557,0.33271154824487026,0.4784743583414008,5.3554205402388755,4.411430685362968,2.223699999999999,-4.274121944300324,55.23275,68.20144,11.234671,c1cncc(N2CCC3(CNC3)C2)c1,nitro_bioisostere_campaign,mol2mol_similarity
189,151,CC(C)(C)CC(=O)N1CC2(CCN(c3cncc(C#CC4(O)CCNCC4)c3)C2)C1,0.6052498052927892,0.5423041623274067,0,0.5963026751933823,3.442064462692197,361.35622225328945,0.3502799579050756,3.783145235525681,0.6907616404971466,1,0,0.4358974358974359,0.33080639786737753,0.39911557258691543,5.373630949798338,4.230279378090881,2.0225,-4.032581257510437,7.022998,-3.508203,11.31477,C(#CC1CCNCC1)c1cncc(N2CCC3(CNC3)C2)c1,nitro_bioisostere_campaign,mol2mol_similarity
190,170,CC(C)(C)OC(=O)N1CC2(CCN(c3cncc(C#CC4(O)CCNCC4)c3)C2)C1,0.6007170891373854,0.5342930409680803,0,0.6242296175330524,3.3731614958252596,423.48546036106444,0.31369270947514016,3.7038314992619448,0.699574277859784,1,0,0.4358974358974359,0.32694962042788134,0.3977657004830918,5.373630949798338,4.230279378090881,1.9947999999999997,-4.028531015370617,12.798258,-3.9414363,12.754138,C(#CC1CCNCC1)c1cncc(N2CCC3(CNC3)C2)c1,nitro_bioisostere_campaign,mol2mol_similarity
191,176,CCCCCCC#Cc1cncc(N2CCC3(CC2)CN(C(=O)C(O)CO)C3)c1,0.5990247610207953,0.533733263495267,0,0.5509260040952134,3.551839666867912,280.64695410554106,0.4097281967491061,3.830590012703283,0.6854899985885241,2,0,0.6388888888888888,0.26150895140664965,0.5068059107701051,5.2539778983501115,5.572141053541686,2.1854999999999998,-4.066224720679151,29.868296,33.308876,36.43418,c1cncc(N2CCC3(CC2)CNC3)c1,nitro_bioisostere_campaign,mol2mol_similarity
192,117,N#CC1CCCCC1n1cc(C(N)=O)c(=Nc2ccc([N+](=O)[O-])cc2)[nH]1,0.6160891164195939,0.5316179682080755,0,0.39280747685996953,4.0469498586105095,89.75324129585852,0.6168801923728315,3.9882698779796115,0.6679700135578209,2,0,0.17582417582417584,0.21208744106300903,0.18851631865776747,5.363406083895016,4.33105716646567,2.31058,-3.962778367878706,16.78141,12.560165,2.898829,c1ccc(N=c2ccn(C3CCCCC3)[nH]2)cc1,reinvent,curriculum_learning
193,183,CCCCCCC#Cc1cncc(N2CCC3(CC2)CN(C(=O)C(O)CN)C3)c1,0.5970967907829883,0.5217750747871035,0,0.5774333401698172,3.5937394555292146,254.83586202064527,0.37500078268488624,3.8850239714274846,0.6794417809525017,2,0,0.6081081081081081,0.25516306514632003,0.48457734307148226,5.2539778983501115,5.572141053541686,2.1518999999999995,-4.034796413263011,24.285067,25.667654,30.148819,c1cncc(N2CCC3(CC2)CNC3)c1,nitro_bioisostere_campaign,mol2mol_similarity
194,110,O=[N+]([O-])c1ccc(C#Cc2cncc(N3CCC4(CNC4)C3)c2)cc1,0.6185890455083982,0.5119053148129801,0,0.571238414929965,3.5156393796421703,305.04268878939183,0.38311679001567756,3.3114254609421545,0.743174948784205,3,0,0.59375,0.3519899293115135,0.5091339752590297,5.2569823795355,5.5337256053428145,2.1893,-3.771776442269098,-5.499986,7.353421,42.355556,C(#Cc1cncc(N2CCC3(CNC3)C2)c1)c1ccccc1,reinvent_pubchem,plain
195,115,NS(=O)(=O)c1cc(C(=O)N2CC3(CCN(c4cncc(C#Cc5ccccc5)c4)C3)C2)cc([N+](=O)[O-])c1,0.6169757506298101,0.5097474176717006,0,0.6467922125517414,3.4994711511562278,316.6130772755077,0.2841333234481145,3.3905883291485246,0.7343790745390528,3,0,0.8307692307692308,0.28521126760563376,0.6398239436619718,5.415734678196152,3.839417338568272,2.389500000000001,-5.127705654866039,30.716822,14.244772,67.04299,O=C(c1ccccc1)N1CC2(CCN(c3cncc(C#Cc4ccccc4)c3)C2)C1,reinvent_pubchem,plain
196,187,CCN(CC)C(O)c1cc(CCNC(=O)c2cnccn2)c(=O)n(Cc2cccc(F)c2)c1C,0.5963348308426459,0.49347554174459957,0,0.5364379210759236,3.5538175363516884,279.37173417345196,0.42870911797753963,3.3262313698201087,0.7415298477977657,2,0,0.13043478260869565,0.22703969532737656,0.16424650206023395,5.4825197926037195,3.2921544927583515,2.4393199999999995,-4.831403664967562,51.05596,54.692932,18.07574,O=C(NCCc1cccn(Cc2ccccc2)c1=O)c1cnccn1,reinvent,plain
197,168,*C#CC#CC#CC#CC1CCC(n2nc(C3CC3)cc2C(N)=O)CC1,0.6011061542289506,0.4921122052285234,0,0.6345256973175278,3.334509626962235,462.90340253056553,0.30020375589235104,4.057032815866988,0.6603296871258902,1,0,0.125,0.26143566900805204,0.17275248415281821,4.936693537803068,11.569283468176746,2.1111,-3.548120120027475,-14.092554,-21.794582,160.18694,c1cn(C2CCCCC2)nc1C1CC1,libinvent,curriculum_learning
198,63,N#CCC#Cc1cncc(N2CCC3(CN(C(=O)c4cc5c(cc4[N+](=O)[O-])OCO5)C3)C2)c1,0.6327143436131407,0.48777704218517487,0,0.6255227722923703,3.571400034519259,268.2872077422508,0.31199853995732985,3.7238855238461195,0.6973460529059867,3,0,0.5542168674698795,0.26006750922364397,0.45126459208369707,5.604629278564708,2.485253656484128,2.33618,-4.562173739937799,43.60791,32.340233,12.457064,O=C(c1ccc2c(c1)OCO2)N1CC2(CCN(c3cccnc3)C2)C1,reinvent_pubchem,plain
199,120,Cn1nc(C(=O)N2CC3(CCN(c4cncc(C#Cc5ccccc5)c4)C3)C2)cc1[N+](=O)[O-],0.6149807294878639,0.4825256217444497,0,0.6868929244057939,3.5052799424757257,312.40649726376773,0.23159714927707542,3.5762663749099497,0.7137481805655612,3,0,0.7014925373134329,0.2810695356380033,0.5543444867270325,5.5412607797544045,2.8756711489225864,2.4756,-4.710610370559371,38.62114,34.360264,47.11161,O=C(c1cc[nH]n1)N1CC2(CCN(c3cncc(C#Cc4ccccc4)c3)C2)C1,reinvent_pubchem,plain
200,177,O=C(O)Cc1sc(=NN=Cc2ccc(-c3ccc([N+](=O)[O-])cc3)o2)[nH]c1O,0.5985469108134215,0.3895231602222582,0,0.8636703676802914,3.19551156560105,637.5121033639083,0.0,3.0964121966558347,0.7670653114826851,3,0,0.1595744680851064,0.37116359116550335,0.23363066116324532,5.382323598931164,4.1464496969831215,2.511900000000001,-4.402257417834649,1.4767433,5.776457,5.46647,C(=NN=c1[nH]ccs1)c1ccc(-c2ccccc2)o1,reinvent,reinforcement_learning
